Administrative,Administrative_Duration,Informational,Informational_Duration,ProductRelated,ProductRelated_Duration,BounceRates,ExitRates,PageValues,SpecialDay,Month,OperatingSystems,Browser,Region,TrafficType,VisitorType,Weekend,Revenue
0,0,0,0,1,0,0.2,0.2,0,0,Feb,1,1,1,1,Returning_Visitor,FALSE,FALSE
0,0,0,0,2,64,0,0.1,0,0,Feb,2,2,1,2,Returning_Visitor,FALSE,FALSE
0,0,0,0,1,0,0.2,0.2,0,0,Feb,4,1,9,3,Returning_Visitor,FALSE,FALSE
0,0,0,0,2,2.666666667,0.05,0.14,0,0,Feb,3,2,2,4,Returning_Visitor,FALSE,FALSE
0,0,0,0,10,627.5,0.02,0.05,0,0,Feb,3,3,1,4,Returning_Visitor,TRUE,FALSE
0,0,0,0,19,154.2166667,0.015789474,0.024561404,0,0,Feb,2,2,1,3,Returning_Visitor,FALSE,FALSE
0,0,0,0,1,0,0.2,0.2,0,0.4,Feb,2,4,3,3,Returning_Visitor,FALSE,FALSE
1,0,0,0,0,0,0.2,0.2,0,0,Feb,1,2,1,5,Returning_Visitor,TRUE,FALSE
0,0,0,0,2,37,0,0.1,0,0.8,Feb,2,2,2,3,Returning_Visitor,FALSE,FALSE
0,0,0,0,3,738,0,0.022222222,0,0.4,Feb,2,4,1,2,Returning_Visitor,FALSE,FALSE
0,0,0,0,3,395,0,0.066666667,0,0,Feb,1,1,3,3,Returning_Visitor,FALSE,FALSE
0,0,0,0,16,407.75,0.01875,0.025833333,0,0.4,Feb,1,1,4,3,Returning_Visitor,FALSE,FALSE
0,0,0,0,7,280.5,0,0.028571429,0,0,Feb,1,1,1,3,Returning_Visitor,FALSE,FALSE
0,0,0,0,6,98,0,0.066666667,0,0,Feb,2,5,1,3,Returning_Visitor,FALSE,FALSE
0,0,0,0,2,68,0,0.1,0,0,Feb,3,2,3,3,Returning_Visitor,FALSE,FALSE
2,53,0,0,23,1668.285119,0.008333333,0.016312636,0,0,Feb,1,1,9,3,Returning_Visitor,FALSE,FALSE
0,0,0,0,1,0,0.2,0.2,0,0,Feb,1,1,4,3,Returning_Visitor,FALSE,FALSE
0,0,0,0,13,334.9666667,0,0.007692308,0,0,Feb,1,1,1,4,Returning_Visitor,TRUE,FALSE
0,0,0,0,2,32,0,0.1,0,0,Feb,2,2,1,3,Returning_Visitor,FALSE,FALSE
0,0,0,0,20,2981.166667,0,0.01,0,0,Feb,2,4,4,4,Returning_Visitor,FALSE,FALSE
0,0,0,0,8,136.1666667,0,0.008333333,0,1,Feb,2,2,5,1,Returning_Visitor,TRUE,FALSE
0,0,0,0,2,0,0.2,0.2,0,0,Feb,3,3,1,3,Returning_Visitor,FALSE,FALSE
0,0,0,0,3,105,0,0.033333333,0,0,Feb,3,2,1,5,Returning_Visitor,FALSE,FALSE
0,0,0,0,2,15,0,0.1,0,0.8,Feb,2,4,1,3,Returning_Visitor,FALSE,FALSE
0,0,0,0,1,0,0.2,0.2,0,0,Feb,2,2,4,1,Returning_Visitor,TRUE,FALSE
0,0,0,0,5,156,0,0.04,0,0,Feb,1,1,9,3,Returning_Visitor,FALSE,FALSE
4,64.6,0,0,32,1135.444444,0.002857143,0.00952381,0,0,Feb,2,2,1,3,Returning_Visitor,FALSE,FALSE
0,0,0,0,4,76,0.05,0.1,0,0,Feb,1,1,1,3,Returning_Visitor,FALSE,FALSE
0,0,0,0,4,63,0,0.05,0,0.2,Feb,2,6,1,3,Returning_Visitor,FALSE,FALSE
1,6,1,0,45,1582.75,0.043478261,0.050821256,54.17976426,0.4,Feb,3,2,1,1,Returning_Visitor,FALSE,FALSE
0,0,0,0,2,35,0,0.1,0,0,Feb,1,1,6,3,Returning_Visitor,FALSE,FALSE
0,0,0,0,3,78,0,0.066666667,0,0,Feb,1,2,6,6,Returning_Visitor,TRUE,FALSE
0,0,0,0,8,209.5,0,0.025,0,0,Feb,2,2,1,1,Returning_Visitor,FALSE,FALSE
0,0,0,0,10,183.6666667,0.04,0.08,0,0,Feb,1,1,3,1,Returning_Visitor,FALSE,FALSE
0,0,0,0,14,380.5,0.014285714,0.028571429,0,0,Feb,2,2,1,1,Returning_Visitor,FALSE,FALSE
0,0,0,0,52,2086.242857,0.015384615,0.020352564,0,0,Feb,2,2,7,1,Returning_Visitor,FALSE,FALSE
0,0,0,0,8,388,0.025,0.05625,0,0,Feb,3,2,1,4,Returning_Visitor,TRUE,FALSE
2,18,0,0,5,298,0,0.028571429,0,0.8,Feb,2,2,8,4,Returning_Visitor,FALSE,FALSE
0,0,0,0,7,63,0.028571429,0.071428571,0,0.6,Feb,2,2,1,3,Returning_Visitor,FALSE,FALSE
0,0,0,0,9,482,0,0.022222222,0,0,Feb,2,5,1,6,Returning_Visitor,FALSE,FALSE
1,9,0,0,46,4084.393939,0,0.001794872,0,0,Feb,2,2,8,4,Returning_Visitor,FALSE,FALSE
0,0,0,0,3,22,0,0.066666667,0,0.6,Feb,1,1,3,2,Returning_Visitor,FALSE,FALSE
0,0,0,0,15,310.1666667,0,0.006666667,0,0,Feb,1,1,4,4,Returning_Visitor,FALSE,FALSE
0,0,0,0,2,34,0,0.05,0,0.4,Feb,3,2,2,3,Returning_Visitor,FALSE,FALSE
0,0,0,0,4,88,0,0.05,0,0,Feb,4,1,1,3,Returning_Visitor,FALSE,FALSE
0,0,0,0,22,622.25,0.003030303,0.006060606,0,0.2,Feb,2,5,1,4,Returning_Visitor,FALSE,FALSE
0,0,0,0,14,222.4,0.017142857,0.057142857,0,0,Feb,1,1,1,2,Returning_Visitor,FALSE,FALSE
0,0,0,0,3,80,0.066666667,0.133333333,0,0.2,Feb,3,2,1,3,Returning_Visitor,FALSE,FALSE
0,0,0,0,11,800.8333333,0,0.003636364,0,0,Feb,3,2,1,3,Returning_Visitor,FALSE,FALSE
0,0,0,0,1,0,0.2,0.2,0,0.6,Feb,2,2,3,2,Returning_Visitor,FALSE,FALSE
0,0,0,0,1,0,0.2,0.2,0,0,Feb,1,1,3,4,Returning_Visitor,TRUE,FALSE
0,0,0,0,12,265.1666667,0.011111111,0.026111111,0,0.2,Feb,3,2,1,3,Returning_Visitor,FALSE,FALSE
0,0,0,0,2,29,0,0.1,0,1,Feb,2,4,4,2,Returning_Visitor,TRUE,FALSE
0,0,0,0,4,160,0,0.075,0,0,Feb,4,2,2,3,Returning_Visitor,FALSE,FALSE
0,0,0,0,4,135.6666667,0.05,0.025,0,0.4,Feb,3,3,1,4,Returning_Visitor,FALSE,FALSE
0,0,0,0,1,0,0.2,0.2,0,0.2,Feb,2,4,1,3,Returning_Visitor,FALSE,FALSE
0,0,0,0,1,0,0.2,0.2,0,0.6,Feb,3,2,3,3,Returning_Visitor,FALSE,FALSE
4,56,2,120,36,998.7416667,0,0.014736467,19.44707913,0.2,Feb,2,2,4,1,Returning_Visitor,FALSE,FALSE
0,0,0,0,4,104,0,0.05,0,0.4,Feb,2,6,6,3,Returning_Visitor,FALSE,FALSE
2,16,0,0,16,381.6865079,0.011764706,0.046568627,0,0.6,Feb,2,4,2,1,Returning_Visitor,FALSE,FALSE
0,0,0,0,6,169,0,0.016666667,0,0.4,Feb,1,1,3,3,Returning_Visitor,FALSE,FALSE
0,0,0,0,8,400.8,0.05,0.120833333,0,0,Feb,1,1,1,3,Returning_Visitor,FALSE,FALSE
12,279.4166667,0,0,42,1553.583333,0.009,0.019666667,38.30849268,0,Feb,1,1,3,2,Returning_Visitor,FALSE,FALSE
0,0,0,0,14,706.5,0,0.007142857,0,0,Feb,2,2,5,4,Returning_Visitor,TRUE,FALSE
0,0,0,0,1,0,0.2,0.2,0,0,Feb,2,2,4,3,Returning_Visitor,FALSE,FALSE
3,87.83333333,0,0,27,798.3333333,0,0.012643678,22.9160357,0.8,Feb,2,2,3,1,Returning_Visitor,FALSE,TRUE
4,44,0,0,90,6951.972222,0.002150538,0.015013034,0,0,Feb,4,1,1,3,Returning_Visitor,FALSE,FALSE
0,0,0,0,1,0,0.2,0.2,0,0.6,Feb,2,2,5,1,Returning_Visitor,FALSE,FALSE
0,0,0,0,18,902,0,0.007407407,0,0,Feb,2,7,2,4,Returning_Visitor,FALSE,FALSE
0,0,0,0,1,0,0.2,0.2,0,0.2,Feb,3,2,3,3,Returning_Visitor,FALSE,FALSE
0,0,0,0,1,0,0.2,0.2,0,0,Feb,2,6,1,2,Returning_Visitor,FALSE,FALSE
0,0,0,0,20,197.3777778,0.025,0.0525,0,0,Feb,2,6,6,1,Returning_Visitor,FALSE,FALSE
0,0,0,0,2,43,0,0.1,0,0.4,Feb,2,2,3,3,Returning_Visitor,FALSE,FALSE
0,0,0,0,8,426.6666667,0,0.0125,0,0,Feb,2,4,3,2,Returning_Visitor,FALSE,FALSE
0,0,0,0,3,135,0,0.066666667,0,0,Feb,2,4,3,3,Returning_Visitor,FALSE,FALSE
0,0,0,0,16,588.3333333,0,0.025,0,0,Feb,2,4,1,1,Returning_Visitor,FALSE,FALSE
10,1005.666667,0,0,36,2111.341667,0.004347826,0.014492754,11.43941195,0,Feb,2,6,1,2,Returning_Visitor,FALSE,TRUE
0,0,0,0,2,76,0,0.05,0,0.6,Feb,3,2,3,3,Returning_Visitor,FALSE,FALSE
0,0,0,0,1,0,0.2,0.2,0,1,Feb,1,1,1,3,Returning_Visitor,TRUE,FALSE
0,0,0,0,1,0,0.2,0.2,0,0.4,Feb,1,1,1,3,Returning_Visitor,FALSE,FALSE
0,0,0,0,7,208,0,0.028571429,0,0,Feb,4,1,1,5,Returning_Visitor,TRUE,FALSE
0,0,0,0,4,270,0,0.016666667,0,0.8,Feb,1,1,1,3,Returning_Visitor,FALSE,FALSE
0,0,0,0,6,39.5,0,0.02,0,0,Feb,2,2,1,3,Returning_Visitor,FALSE,FALSE
0,0,0,0,12,375,0.016666667,0.058333333,0,0,Feb,3,2,4,1,Returning_Visitor,FALSE,FALSE
0,0,0,0,1,0,0.2,0.2,0,0.8,Feb,2,2,2,1,Returning_Visitor,TRUE,FALSE
0,0,0,0,1,0,0.2,0.2,0,0,Feb,1,1,1,3,Returning_Visitor,FALSE,FALSE
0,0,0,0,7,150,0.057142857,0.085714286,0,0,Feb,2,2,2,1,Returning_Visitor,FALSE,FALSE
0,0,0,0,3,138,0,0.066666667,0,0,Feb,1,1,1,3,Returning_Visitor,FALSE,FALSE
0,0,0,0,7,337.5,0.028571429,0.023809524,0,0.4,Feb,4,1,3,3,Returning_Visitor,FALSE,FALSE
0,0,0,0,19,620.0333333,0,0.007894737,0,0,Feb,1,1,4,2,Returning_Visitor,FALSE,FALSE
2,36,0,0,15,168.8461538,0,0.011764706,0,0.4,Feb,1,1,1,3,Returning_Visitor,FALSE,FALSE
0,0,0,0,1,0,0.2,0.2,0,0,Feb,1,1,1,2,Returning_Visitor,TRUE,FALSE
0,0,0,0,2,52,0,0.1,0,0,Feb,1,1,1,3,Returning_Visitor,FALSE,FALSE
0,0,0,0,13,649.25,0,0.015384615,0,0,Feb,2,2,1,5,New_Visitor,FALSE,FALSE
0,0,0,0,27,925.3333333,0.003703704,0.025925926,0,0.6,Feb,4,1,3,3,Returning_Visitor,FALSE,FALSE
0,0,0,0,2,33,0,0.1,0,0.2,Feb,1,1,1,3,Returning_Visitor,FALSE,FALSE
0,0,0,0,6,1566.5,0.05,0.066666667,0,0.2,Feb,1,1,1,3,Returning_Visitor,FALSE,FALSE
0,0,0,0,4,105,0,0.025,0,0.6,Feb,1,1,1,4,Returning_Visitor,FALSE,FALSE
0,0,1,0,7,50,0.038095238,0.080952381,0,0.6,Feb,2,4,1,7,Returning_Visitor,FALSE,FALSE
0,0,0,0,16,644.2,0.004166667,0.031666667,0,0,Feb,3,2,3,4,Returning_Visitor,FALSE,FALSE
3,18.33333333,0,0,38,2635.177778,0,0.008947368,0,0.4,Feb,2,4,1,2,Returning_Visitor,FALSE,FALSE
4,61,0,0,19,607,0,0.026984127,17.53595893,1,Feb,1,1,7,4,Returning_Visitor,TRUE,TRUE
0,0,0,0,6,415,0,0.033333333,0,0.4,Feb,1,1,3,2,Returning_Visitor,FALSE,FALSE
2,31,1,16,36,2083.530952,0,0.01351025,0,0.8,Feb,2,2,4,3,Returning_Visitor,FALSE,FALSE
3,58.5,0,0,17,281.6666667,0.007058824,0.017647059,0,0,Feb,1,1,3,4,Returning_Visitor,FALSE,FALSE
0,0,0,0,2,27,0.15,0.15,0,0,Feb,1,1,7,2,Returning_Visitor,FALSE,FALSE
0,0,1,0,9,215,0.044444444,0.074074074,0,0.8,Feb,4,1,1,3,Returning_Visitor,FALSE,FALSE
0,0,0,0,12,162,0.05,0.066666667,0,0,Feb,1,1,1,3,Returning_Visitor,FALSE,FALSE
0,0,0,0,2,114,0.05,0.066666667,0,0.8,Feb,3,3,1,3,Returning_Visitor,FALSE,FALSE
6,326.25,4,94,128,5062.213753,0.000854701,0.01791847,0,0,Feb,2,5,1,3,Returning_Visitor,FALSE,FALSE
0,0,0,0,4,253,0,0.016666667,0,0.6,Feb,2,2,3,3,Returning_Visitor,FALSE,FALSE
0,0,0,0,4,0,0.2,0.2,0,0.4,Feb,2,2,1,3,Returning_Visitor,FALSE,FALSE
0,0,0,0,1,0,0.2,0.2,0,0.8,Feb,1,1,2,3,Returning_Visitor,FALSE,FALSE
2,22,0,0,25,436.5,0.008,0.024,0,0.2,Feb,2,4,1,1,Returning_Visitor,FALSE,FALSE
0,0,1,93,30,1045.833333,0.012903226,0.035483871,0,0.2,Feb,1,1,1,3,Returning_Visitor,FALSE,FALSE
0,0,0,0,12,317.8333333,0,0.005555556,0,0,Feb,1,1,1,4,Returning_Visitor,TRUE,FALSE
0,0,0,0,21,1146.333333,0,0.012962963,0,0.8,Feb,3,2,1,3,Returning_Visitor,FALSE,FALSE
0,0,0,0,11,577,0.018181818,0.027272727,0,0.2,Feb,2,2,3,1,Returning_Visitor,FALSE,FALSE
0,0,0,0,8,95,0,0.075,0,0,Feb,4,1,3,3,Returning_Visitor,FALSE,FALSE
0,0,0,0,6,301.5,0,0.111111111,0,0,Feb,2,4,9,3,Returning_Visitor,FALSE,FALSE
0,0,0,0,6,243,0,0.033333333,0,0,Feb,2,4,4,1,Returning_Visitor,FALSE,FALSE
0,0,0,0,4,135.5,0,0.05,0,0.6,Feb,2,2,1,2,Returning_Visitor,FALSE,FALSE
0,0,2,75,14,442.3333333,0,0.034375,0,0.8,Feb,1,1,3,3,Returning_Visitor,FALSE,FALSE
0,0,0,0,3,41,0,0.066666667,0,0,Feb,1,1,3,3,Returning_Visitor,FALSE,FALSE
0,0,0,0,11,292.9,0.028,0.11952381,0,0,Feb,2,4,3,1,Returning_Visitor,FALSE,FALSE
0,0,0,0,1,0,0.2,0.2,0,0,Feb,1,1,3,3,Returning_Visitor,FALSE,FALSE
0,0,0,0,9,1238.333333,0,0.040740741,0,0.4,Feb,2,2,1,3,Returning_Visitor,FALSE,FALSE
0,0,0,0,10,225.4666667,0,0.05,0,0.4,Feb,1,1,8,3,Returning_Visitor,FALSE,FALSE
4,462,0,0,51,1873.216667,0,0.00754717,0,0.6,Feb,2,2,9,3,Returning_Visitor,FALSE,FALSE
0,0,0,0,3,13,0.133333333,0.166666667,0,0,Feb,2,4,1,1,Returning_Visitor,FALSE,FALSE
0,0,0,0,2,222,0,0.1,0,0,Feb,2,6,1,2,Returning_Visitor,TRUE,FALSE
2,20,0,0,16,214.8333333,0,0.022222222,0,0,Feb,2,2,1,6,Returning_Visitor,FALSE,FALSE
0,0,0,0,1,0,0.2,0.2,0,0,Feb,3,2,3,3,Returning_Visitor,FALSE,FALSE
0,0,0,0,6,2017.166667,0,0.011111111,0,0.8,Feb,2,2,4,3,Returning_Visitor,FALSE,FALSE
6,111.5,0,0,26,449.0277778,0,0.018518519,0,0.6,Feb,1,1,3,3,Returning_Visitor,FALSE,FALSE
0,0,0,0,6,158.1666667,0,0.033333333,0,0,Feb,3,2,4,2,Returning_Visitor,FALSE,FALSE
0,0,0,0,9,303.6666667,0.005555556,0.046296296,0,0,Feb,2,4,5,2,Returning_Visitor,FALSE,FALSE
0,0,0,0,3,25,0,0.066666667,0,0,Feb,2,4,1,5,Returning_Visitor,FALSE,FALSE
0,0,0,0,2,42,0.05,0.15,0,0.4,Feb,2,2,1,4,Returning_Visitor,FALSE,FALSE
4,103.625,0,0,14,1003.416667,0,0.018039216,0,0.2,Feb,1,1,3,3,Returning_Visitor,FALSE,FALSE
0,0,0,0,1,0,0.2,0.2,0,0,Feb,2,2,7,3,Returning_Visitor,FALSE,FALSE
0,0,0,0,9,272.5,0,0.011851852,0,0.2,Feb,1,1,6,3,Returning_Visitor,FALSE,FALSE
3,19,0,0,8,344,0,0.007407407,0,0,Feb,2,4,2,3,Returning_Visitor,FALSE,FALSE
0,0,0,0,1,0,0.2,0.2,0,0,Feb,2,2,2,3,Returning_Visitor,FALSE,FALSE
0,0,1,19,10,852,0,0.009090909,0,0,Feb,2,2,3,6,Returning_Visitor,FALSE,FALSE
0,0,0,0,3,780,0.066666667,0.066666667,0,0.4,Feb,2,4,1,3,Returning_Visitor,FALSE,FALSE
0,0,0,0,3,1038,0,0.033333333,0,0,Feb,2,2,1,1,Returning_Visitor,FALSE,FALSE
0,0,0,0,4,573,0,0.05,0,0,Feb,2,2,3,3,Returning_Visitor,FALSE,FALSE
0,0,0,0,28,1231.233333,0.007142857,0.030357143,0,0,Feb,1,1,4,3,Returning_Visitor,FALSE,FALSE
0,0,0,0,11,316.6666667,0,0.027272727,0,0.8,Feb,2,2,2,1,Returning_Visitor,FALSE,FALSE
0,0,0,0,20,873.7365079,0.0075,0.028166667,0,0,Feb,1,2,1,1,Returning_Visitor,FALSE,FALSE
0,0,0,0,1,0,0.2,0.2,0,0.4,Feb,2,2,3,4,Returning_Visitor,FALSE,FALSE
0,0,0,0,4,16,0.1,0.15,0,0,Feb,2,5,5,1,Returning_Visitor,FALSE,FALSE
0,0,0,0,19,615,0,0.026315789,0,0.2,Feb,2,2,3,3,Returning_Visitor,FALSE,FALSE
0,0,0,0,9,261.75,0,0.026666667,0,0,Feb,2,6,1,1,Returning_Visitor,FALSE,FALSE
0,0,0,0,21,615.8831169,0.033333333,0.04993081,0,0,Feb,3,2,2,1,Returning_Visitor,TRUE,FALSE
0,0,0,0,1,0,0.2,0.2,0,0,Feb,3,3,3,2,Returning_Visitor,TRUE,FALSE
0,0,0,0,6,117.5,0,0.033333333,0,0.8,Feb,1,1,1,3,Returning_Visitor,TRUE,FALSE
0,0,0,0,1,0,0.2,0.2,0,0,Feb,1,1,1,3,Returning_Visitor,FALSE,FALSE
0,0,0,0,1,0,0.2,0.2,0,0,Feb,3,2,3,3,Returning_Visitor,FALSE,FALSE
0,0,0,0,23,501.6666667,0.008695652,0.01884058,0,0.6,Feb,1,1,4,2,Returning_Visitor,FALSE,FALSE
2,58,2,22,31,829.1666667,0.03030303,0.040606061,0,0,Feb,1,1,1,1,Returning_Visitor,TRUE,FALSE
1,9.5,0,0,23,1223,0.015217391,0.012463768,0,0,Feb,1,1,1,2,Returning_Visitor,TRUE,FALSE
0,0,0,0,6,467,0,0.016666667,0,0.4,Feb,1,1,3,3,Returning_Visitor,FALSE,FALSE
0,0,0,0,23,737.1666667,0.008695652,0.011594203,0,0.6,Feb,2,2,1,3,Returning_Visitor,FALSE,FALSE
0,0,0,0,12,129,0,0.033333333,0,0,Feb,1,1,3,2,Returning_Visitor,FALSE,FALSE
0,0,0,0,5,63,0,0.04,0,0,Feb,2,2,1,3,Returning_Visitor,FALSE,FALSE
0,0,0,0,5,125,0.086666667,0.166666667,0,0,Feb,2,2,1,3,Returning_Visitor,FALSE,FALSE
0,0,0,0,11,684.3333333,0.018181818,0.063636364,0,0,Feb,2,4,6,1,Returning_Visitor,FALSE,FALSE
0,0,0,0,20,665.4722222,0,0.0145,0,0.8,Feb,3,2,7,4,Returning_Visitor,TRUE,FALSE
1,0,0,0,15,487.5,0,0.019166667,0,0.8,Feb,1,1,2,4,Returning_Visitor,TRUE,FALSE
0,0,0,0,17,437.1666667,0.011111111,0.033333333,0,0,Feb,2,4,1,3,Returning_Visitor,FALSE,FALSE
0,0,0,0,3,55,0.066666667,0.1,0,0.6,Feb,1,1,1,3,Returning_Visitor,FALSE,FALSE
0,0,0,0,1,0,0.2,0.2,0,0.8,Feb,1,1,1,2,Returning_Visitor,TRUE,FALSE
5,41.3,0,0,24,446.9277778,0,0.008602151,0,1,Feb,2,2,8,1,Returning_Visitor,TRUE,FALSE
3,87,0,0,10,320.5,0,0.015384615,0,0,Feb,1,1,2,3,Returning_Visitor,FALSE,FALSE
0,0,0,0,7,666,0,0.014285714,0,0,Feb,1,1,6,2,Returning_Visitor,FALSE,FALSE
1,0,0,0,21,405.7095238,0.010743802,0.047002635,0,0,Feb,1,1,1,4,Returning_Visitor,FALSE,FALSE
0,0,0,0,1,0,0.2,0.2,0,0,Feb,3,2,3,3,Returning_Visitor,FALSE,FALSE
0,0,0,0,6,163.25,0.033333333,0.033333333,0,0.6,Feb,1,1,6,2,Returning_Visitor,FALSE,FALSE
0,0,0,0,17,284.25,0,0.011764706,0,0,Feb,3,2,6,2,Returning_Visitor,TRUE,FALSE
0,0,0,0,1,0,0.2,0.2,0,0.6,Feb,4,2,1,3,Returning_Visitor,FALSE,FALSE
0,0,0,0,1,0,0.2,0.2,0,0,Feb,2,4,1,1,Returning_Visitor,FALSE,FALSE
0,0,0,0,8,260,0.008333333,0.025,0,0.8,Feb,3,2,1,3,Returning_Visitor,TRUE,FALSE
0,0,16,1210.397619,5,279.8571429,0.003174603,0.012764202,0,0,Mar,2,2,1,8,Returning_Visitor,FALSE,FALSE
0,0,0,0,20,927.45,0.011111111,0.027248677,8.000740741,0,Mar,1,1,3,1,Returning_Visitor,FALSE,FALSE
2,9,0,0,50,836.8,0,0.006339869,0,0,Mar,2,2,3,2,Returning_Visitor,FALSE,FALSE
10,293.7782051,2,153,96,3283.166739,0.001960784,0.013509414,0,0,Mar,3,2,6,2,Returning_Visitor,TRUE,FALSE
9,111.5,1,48.5,49,1868.819697,0,0.020708874,1.706014966,0,Mar,2,2,7,2,Returning_Visitor,FALSE,TRUE
3,47,1,51,68,3008.124108,0.007142857,0.016727891,46.53017511,0,Mar,2,2,1,1,Returning_Visitor,FALSE,FALSE
0,0,0,0,2,0,0.2,0.2,0,0,Mar,1,1,1,3,Returning_Visitor,FALSE,FALSE
3,1226,5,3,24,3230.25,0.036190476,0.096,0,0,Mar,2,2,1,2,Returning_Visitor,FALSE,FALSE
3,52,0,0,9,319,0,0.02,0,0,Mar,1,1,1,1,Returning_Visitor,FALSE,FALSE
0,0,0,0,3,42,0,0.066666667,0,0,Mar,2,2,3,1,Returning_Visitor,FALSE,FALSE
0,0,0,0,22,354.3333333,0.009090909,0.057662338,0,0,Mar,1,1,7,2,Returning_Visitor,TRUE,FALSE
0,0,0,0,98,3556.61241,0.002061856,0.010173465,0,0,Mar,1,1,1,3,Returning_Visitor,FALSE,FALSE
2,56,1,144,67,2563.783333,0,0.005797101,19.34265017,0,Mar,2,2,4,2,New_Visitor,FALSE,TRUE
3,112.9607843,0,0,13,3014.018519,0.013068182,0.06140625,0,0,Mar,2,2,1,2,Returning_Visitor,FALSE,FALSE
0,0,0,0,17,840.2333333,0,0.001666667,109.176,0,Mar,2,2,9,2,New_Visitor,FALSE,TRUE
3,94,2,125,55,1970.844805,0,0.001724138,96.25511582,0,Mar,2,4,1,2,New_Visitor,TRUE,TRUE
1,32,0,0,50,2867,0,0.004,153.4432478,0,Mar,2,2,7,8,Returning_Visitor,TRUE,TRUE
0,0,0,0,5,43,0,0.04,0,0,Mar,1,1,1,9,Returning_Visitor,TRUE,FALSE
5,218,0,0,13,284.5,0,0.004166667,0,0,Mar,1,1,1,2,New_Visitor,FALSE,FALSE
0,0,0,0,3,133.5,0,0.088888889,0,0,Mar,1,2,1,8,Returning_Visitor,FALSE,FALSE
1,119,0,0,12,297.6666667,0,0.008333333,0,0,Mar,3,2,1,10,Returning_Visitor,FALSE,FALSE
3,281,0,0,16,453.75,0,0.005263158,0,0,Mar,2,2,5,2,New_Visitor,FALSE,FALSE
1,18,0,0,16,1331.75,0,0.0125,33.79956701,0,Mar,2,5,2,3,New_Visitor,FALSE,TRUE
2,40,0,0,5,558.5,0,0.028571429,0,0,Mar,2,2,7,2,New_Visitor,TRUE,FALSE
3,107,0,0,4,145.8333333,0,0.016666667,0,0,Mar,3,2,7,1,New_Visitor,FALSE,FALSE
0,0,0,0,8,731,0,0.04375,0,0,Mar,2,4,1,3,Returning_Visitor,FALSE,FALSE
2,49,1,127,4,188,0.033333333,0.0375,0,0,Mar,3,2,3,2,Returning_Visitor,FALSE,FALSE
0,0,0,0,14,565.3333333,0.037619048,0.04952381,0,0,Mar,2,6,3,1,Returning_Visitor,FALSE,FALSE
0,0,0,0,2,50,0,0.05,0,0,Mar,3,2,8,11,Returning_Visitor,FALSE,FALSE
4,57,0,0,7,591,0.006666667,0.033333333,0,0,Mar,1,2,6,6,Returning_Visitor,TRUE,FALSE
2,2,3,261,10,281,0,0.042857143,0,0,Mar,2,2,1,2,Returning_Visitor,FALSE,FALSE
2,123,2,306.3333333,18,483.8333333,0,0.02,0,0,Mar,2,2,4,1,Returning_Visitor,FALSE,FALSE
2,118,0,0,4,42,0,0.066666667,0,0,Mar,1,2,7,3,Returning_Visitor,FALSE,FALSE
0,0,0,0,35,1192.386111,0.005714286,0.028571429,0,0,Mar,2,4,2,2,Returning_Visitor,FALSE,FALSE
0,0,0,0,12,198,0.016666667,0.075,0,0,Mar,2,2,3,2,Returning_Visitor,FALSE,FALSE
0,0,0,0,3,15,0,0.066666667,0,0,Mar,2,4,3,12,Returning_Visitor,FALSE,FALSE
2,38,0,0,14,643,0,0.013333333,35.0928,0,Mar,2,2,5,1,Returning_Visitor,FALSE,TRUE
0,0,0,0,5,23,0.08,0.12,0,0,Mar,2,2,1,1,Returning_Visitor,FALSE,FALSE
0,0,0,0,4,14,0.1,0.15,0,0,Mar,3,2,1,1,Returning_Visitor,FALSE,FALSE
1,54,0,0,6,210.5,0,0.02,0,0,Mar,2,2,1,8,New_Visitor,FALSE,FALSE
1,993,0,0,28,1529.30467,0.001481481,0.009150327,0,0,Mar,3,2,4,2,Returning_Visitor,FALSE,FALSE
0,0,0,0,2,19,0,0.1,0,0,Mar,2,2,3,11,Returning_Visitor,TRUE,FALSE
5,74.25,2,84,37,1599.083333,0,0.006578947,0,0,Mar,2,2,4,1,Returning_Visitor,FALSE,FALSE
0,0,0,0,9,102.5,0,0.022222222,0,0,Mar,2,2,1,3,Returning_Visitor,FALSE,FALSE
0,0,0,0,16,2337,0,0.013333333,17.76266667,0,Mar,2,2,1,1,Returning_Visitor,FALSE,TRUE
0,0,0,0,19,1883.5,0.010526316,0.021052632,0,0,Mar,2,2,1,3,Returning_Visitor,FALSE,FALSE
2,32,0,0,50,1245.3,0.004,0.020666667,7.146260888,0,Mar,2,2,7,9,Returning_Visitor,TRUE,FALSE
6,666.8333333,0,0,22,1674.583333,0,0.014666667,0,0,Mar,2,2,3,2,Returning_Visitor,FALSE,FALSE
0,0,0,0,9,132,0.011111111,0.033333333,0,0,Mar,4,1,1,3,Returning_Visitor,TRUE,FALSE
1,73,1,740,50,1434.255128,0,0.019230769,22.03276923,0,Mar,2,2,3,2,Returning_Visitor,TRUE,FALSE
2,154,0,0,18,367.25,0.005263158,0.044210526,0,0,Mar,3,2,2,1,Returning_Visitor,TRUE,FALSE
3,49.33333333,5,303.25,7,148.5,0,0.014081633,0,0,Mar,3,2,2,2,Returning_Visitor,FALSE,FALSE
3,118.5,0,0,29,1482.210784,0.006896552,0.010600255,0,0,Mar,3,2,1,8,Returning_Visitor,TRUE,FALSE
6,153.5,0,0,34,1048.492063,0.011578947,0.032225685,0,0,Mar,2,6,1,1,Returning_Visitor,TRUE,FALSE
0,0,0,0,9,478,0,0.011111111,0,0,Mar,3,2,2,3,Returning_Visitor,TRUE,FALSE
0,0,0,0,16,980.25,0,0.04,0,0,Mar,2,2,4,3,Returning_Visitor,FALSE,FALSE
8,72.25,1,21.5,51,1124.693074,0.022807018,0.036550087,0,0,Mar,2,2,2,2,Returning_Visitor,FALSE,FALSE
2,24.5,0,0,22,353.1666667,0.018181818,0.031818182,0,0,Mar,2,5,1,3,Returning_Visitor,FALSE,FALSE
1,0,0,0,18,1489.083333,0.023529412,0.046470588,0,0,Mar,2,2,8,1,Returning_Visitor,FALSE,FALSE
0,0,1,1220,28,2389.333333,0.016666667,0.030833333,0,0,Mar,2,2,1,3,Returning_Visitor,TRUE,FALSE
0,0,0,0,7,753,0,0.00952381,0,0,Mar,2,10,1,2,Returning_Visitor,FALSE,FALSE
0,0,0,0,31,688.1666667,0,0.019354839,0,0,Mar,4,1,1,3,Returning_Visitor,FALSE,FALSE
0,0,0,0,14,811,0.015384615,0.041025641,0,0,Mar,2,2,8,1,Returning_Visitor,FALSE,FALSE
1,22,0,0,9,415.25,0.033333333,0.048148148,0,0,Mar,3,3,1,1,Returning_Visitor,FALSE,FALSE
16,155.6313131,0,0,32,908.013456,0.005,0.01805276,4.368515556,0,Mar,2,2,3,2,Returning_Visitor,FALSE,TRUE
1,21.33333333,1,235,71,2753.378571,0.012676056,0.015201207,0,0,Mar,3,2,2,1,Returning_Visitor,TRUE,FALSE
2,191,1,100,46,2452.582143,0.007246377,0.022253906,0,0,Mar,3,2,9,3,Returning_Visitor,TRUE,FALSE
0,0,0,0,18,5188.5,0,0.05,0,0,Mar,2,5,1,1,Returning_Visitor,FALSE,FALSE
0,0,0,0,2,0,0.2,0.2,0,0,Mar,1,1,1,1,Returning_Visitor,FALSE,FALSE
0,0,0,0,5,57,0.08,0.12,0,0,Mar,2,5,2,1,Returning_Visitor,FALSE,FALSE
0,0,0,0,2,8,0,0.1,0,0,Mar,2,2,5,1,Returning_Visitor,TRUE,FALSE
4,96.5,0,0,19,1430.659091,0.01,0.025666667,0,0,Mar,1,1,1,1,Returning_Visitor,FALSE,FALSE
1,13,0,0,2,20,0,0.05,0,0,Mar,3,2,3,2,Returning_Visitor,FALSE,FALSE
5,1388.75,0,0,4,1373.75,0,0.02,0,0,Mar,1,1,7,8,Returning_Visitor,FALSE,FALSE
0,0,0,0,45,844.25,0,0.01037037,0,0,Mar,1,1,3,1,Returning_Visitor,FALSE,FALSE
0,0,1,0,7,188,0,0.033333333,0,0,Mar,2,2,1,8,New_Visitor,FALSE,FALSE
3,51,0,0,14,527.375,0.015555556,0.033862434,0,0,Mar,7,1,6,1,Returning_Visitor,TRUE,FALSE
0,0,0,0,1,0,0.2,0.2,0,0,Mar,3,3,5,2,Returning_Visitor,FALSE,FALSE
1,158,1,64,29,1916.761905,0.006451613,0.018709677,8.772473118,0,Mar,2,2,3,2,Returning_Visitor,TRUE,TRUE
0,0,0,0,9,116.3333333,0,0.066666667,0,0,Mar,2,2,1,1,Returning_Visitor,FALSE,FALSE
0,0,0,0,30,397,0,0.02,0,0,Mar,2,2,7,2,Returning_Visitor,FALSE,FALSE
0,0,0,0,63,5220.083333,0,0.003329865,51.46331148,0,Mar,2,5,3,1,Returning_Visitor,TRUE,TRUE
0,0,0,0,20,219.3333333,0,0.011666667,0,0,Mar,1,8,7,2,Returning_Visitor,FALSE,FALSE
0,0,0,0,5,74,0,0.04,0,0,Mar,2,2,1,10,Returning_Visitor,FALSE,FALSE
0,0,0,0,15,1559.6,0,0.033846154,0,0,Mar,2,4,1,1,Returning_Visitor,FALSE,FALSE
0,0,0,0,6,236.5,0,0.016666667,0,0,Mar,1,1,1,3,Returning_Visitor,TRUE,FALSE
1,10,0,0,14,348.6666667,0.035714286,0.053571429,0,0,Mar,3,2,1,1,Returning_Visitor,TRUE,FALSE
0,0,0,0,1,0,0.2,0.2,0,0,Mar,2,5,1,1,Returning_Visitor,FALSE,FALSE
1,28,1,47,13,224.5,0,0.014285714,0,0,Mar,1,1,1,8,New_Visitor,FALSE,FALSE
4,27,0,0,42,601.7666667,0,0.004545455,0,0,Mar,2,5,3,3,Returning_Visitor,FALSE,FALSE
0,0,0,0,5,75.5,0.02,0.013333333,0,0,Mar,1,1,2,9,Returning_Visitor,TRUE,FALSE
0,0,0,0,2,153,0,0.05,0,0,Mar,2,5,6,1,Returning_Visitor,FALSE,FALSE
4,15,0,0,10,197.2,0,0.016666667,38.99,0,Mar,1,1,1,3,Returning_Visitor,TRUE,TRUE
0,0,0,0,18,3658.5,0.016666667,0.05,0,0,Mar,4,2,9,1,Returning_Visitor,FALSE,FALSE
0,0,0,0,5,1162.5,0,0.025,0,0,Mar,2,2,2,2,Returning_Visitor,FALSE,FALSE
0,0,0,0,32,556.6,0.014583333,0.039583333,0,0,Mar,2,2,3,1,Returning_Visitor,FALSE,FALSE
0,0,0,0,3,41,0,0.033333333,0,0,Mar,2,2,1,3,Returning_Visitor,TRUE,FALSE
0,0,0,0,11,300.0714286,0,0.02,53.9892,0,Mar,2,2,1,11,Returning_Visitor,TRUE,TRUE
13,1249.809524,4,205,36,1626.625433,0.010638298,0.026186255,6.831792392,0,Mar,3,2,2,3,Returning_Visitor,FALSE,FALSE
0,0,0,0,6,69.25,0,0.044444444,0,0,Mar,2,2,4,3,Returning_Visitor,FALSE,FALSE
2,390,0,0,10,1169.1,0.02,0.05,0,0,Mar,3,9,9,2,Returning_Visitor,FALSE,FALSE
0,0,0,0,8,402,0,0.038095238,0,0,Mar,2,2,2,1,Returning_Visitor,FALSE,FALSE
0,0,0,0,1,0,0.2,0.2,0,0,Mar,2,2,1,1,Returning_Visitor,FALSE,FALSE
0,0,0,0,35,3324.333333,0.011428571,0.024761905,0,0,Mar,2,2,1,1,Returning_Visitor,FALSE,FALSE
11,215.5238095,1,70,87,3037.499952,0.002150538,0.007722385,0,0,Mar,2,2,5,1,Returning_Visitor,FALSE,FALSE
0,0,0,0,4,59,0,0.05,0,0,Mar,1,1,1,10,Returning_Visitor,FALSE,FALSE
1,11,0,0,51,1059.253472,0.010588235,0.022643039,0,0,Mar,3,2,6,3,Returning_Visitor,FALSE,FALSE
2,20,0,0,7,720,0,0.011111111,0,0,Mar,2,2,3,6,Returning_Visitor,FALSE,FALSE
0,0,0,0,40,905.4856061,0.0135,0.03747619,0,0,Mar,3,2,2,1,Returning_Visitor,FALSE,FALSE
0,0,0,0,1,0,0.2,0.2,0,0,Mar,1,1,1,1,Returning_Visitor,TRUE,FALSE
2,8,1,14.33333333,14,603.6666667,0,0.0125,44.67925,0,Mar,2,2,1,7,Returning_Visitor,FALSE,TRUE
0,0,0,0,13,328.9166667,0,0.014285714,59.79014286,0,Mar,3,2,1,3,Returning_Visitor,FALSE,TRUE
0,0,0,0,33,778.8166667,0,0.022424242,0,0,Mar,2,5,1,1,Returning_Visitor,FALSE,FALSE
4,171.25,0,0,22,851.5595238,0.004545455,0.031907308,0,0,Mar,3,2,1,1,Returning_Visitor,FALSE,FALSE
0,0,0,0,1,0,0.2,0.2,0,0,Mar,1,1,8,1,Returning_Visitor,FALSE,FALSE
0,0,0,0,3,227.5,0,0.022222222,0,0,Mar,2,2,1,3,Returning_Visitor,FALSE,FALSE
5,227.3333333,0,0,17,528.9,0,0.002272727,0,0,Mar,1,1,1,9,Returning_Visitor,TRUE,FALSE
0,0,0,0,15,872.8333333,0,0.026666667,0,0,Mar,2,2,2,3,Returning_Visitor,TRUE,FALSE
0,0,0,0,2,0,0.2,0.2,0,0,Mar,3,2,3,1,Returning_Visitor,FALSE,FALSE
0,0,0,0,35,835.0666667,0.012571429,0.044761905,0,0,Mar,2,2,6,1,Returning_Visitor,FALSE,FALSE
0,0,0,0,4,82.5,0,0.05,0,0,Mar,3,2,1,3,Returning_Visitor,FALSE,FALSE
0,0,1,0,1,13,0,0.1,0,0,Mar,3,2,3,1,Returning_Visitor,FALSE,FALSE
0,0,0,0,2,9,0,0.1,0,0,Mar,2,2,1,3,Returning_Visitor,TRUE,FALSE
0,0,0,0,2,7,0,0.1,0,0,Mar,2,2,1,1,Returning_Visitor,FALSE,FALSE
0,0,0,0,12,94.5,0.033333333,0.025555556,0,0,Mar,3,2,4,11,Returning_Visitor,FALSE,FALSE
5,86,0,0,23,267.3,0,0.016,0,0,Mar,1,1,4,9,Returning_Visitor,TRUE,FALSE
0,0,0,0,29,3312.5,0.013793103,0.028965517,0,0,Mar,2,2,1,13,Returning_Visitor,FALSE,FALSE
0,0,0,0,3,75,0,0.066666667,0,0,Mar,2,5,1,3,Returning_Visitor,TRUE,FALSE
2,7,0,0,10,75,0.05,0.11,0,0,Mar,2,2,1,1,Returning_Visitor,FALSE,FALSE
0,0,1,24,27,1547.5,0.003703704,0.014814815,0,0,Mar,3,2,1,1,Returning_Visitor,FALSE,FALSE
7,186.9761905,2,40,35,1276.157071,0,0.008681765,0,0,Mar,1,1,6,2,Returning_Visitor,FALSE,FALSE
3,138,2,136,54,2631.1,0,0.00969697,0,0,Mar,1,2,1,2,Returning_Visitor,FALSE,FALSE
0,0,0,0,2,96,0,0.1,0,0,Mar,4,1,1,1,Returning_Visitor,FALSE,FALSE
2,374,0,0,3,1370,0,0.025,0,0,Mar,2,2,1,8,Returning_Visitor,FALSE,FALSE
2,61,0,0,5,97,0,0.04,0,0,Mar,2,2,1,1,Returning_Visitor,FALSE,FALSE
1,14,0,0,46,1380.166667,0,0.01037037,0,0,Mar,4,1,1,1,Returning_Visitor,FALSE,FALSE
1,38,0,0,23,1483.6,0.022916667,0.038373016,7.103020833,0,Mar,3,2,6,1,Returning_Visitor,FALSE,TRUE
0,0,0,0,5,156,0,0.04,0,0,Mar,2,2,4,1,Returning_Visitor,FALSE,FALSE
0,0,0,0,10,240.75,0,0.02,0,0,Mar,2,2,9,2,Returning_Visitor,FALSE,FALSE
2,96,0,0,37,1238.5,0.005128205,0.016410256,0,0,Mar,2,2,1,2,New_Visitor,FALSE,FALSE
6,615.25,0,0,68,2524.719048,0,0.000175593,0,0,Mar,1,2,6,1,Returning_Visitor,FALSE,FALSE
4,111,0,0,4,54,0,0.028571429,0,0,Mar,2,2,1,1,Returning_Visitor,FALSE,FALSE
2,147,0,0,2,35,0,0.05,0,0,Mar,2,2,1,2,New_Visitor,FALSE,FALSE
0,0,0,0,15,175.9166667,0.013333333,0.026666667,0,0,Mar,1,1,1,1,Returning_Visitor,TRUE,FALSE
3,53.16666667,0,0,11,263.6,0,0.003571429,0,0,Mar,3,2,1,9,Returning_Visitor,FALSE,FALSE
2,58,0,0,7,101.8,0,0.011111111,0,0,Mar,3,2,8,2,New_Visitor,FALSE,FALSE
0,0,0,0,1,0,0.2,0.2,0,0,Mar,3,2,3,1,Returning_Visitor,FALSE,FALSE
3,48.5,0,0,55,1042.242857,0,0.002222222,0,0,Mar,4,2,1,2,New_Visitor,FALSE,FALSE
1,21,3,116,21,613.6666667,0.008333333,0.023611111,0,0,Mar,1,2,1,1,Returning_Visitor,FALSE,FALSE
4,115.3333333,0,0,64,1588.944444,0.003076923,0.009213675,0,0,Mar,2,2,1,1,Returning_Visitor,FALSE,FALSE
0,0,1,929,75,4105.666667,0.002631579,0.017324561,0,0,Mar,2,2,3,1,Returning_Visitor,FALSE,FALSE
1,8,0,0,14,269.5,0,0.019047619,0,0,Mar,2,2,3,1,Returning_Visitor,FALSE,FALSE
1,32.28571429,0,0,8,1236.2,0,0.028571429,0,0,Mar,3,2,1,3,Returning_Visitor,FALSE,FALSE
0,0,0,0,49,1384.016667,0,0.011904762,0,0,Mar,2,2,1,2,Returning_Visitor,FALSE,FALSE
0,0,0,0,4,52,0,0.025,0,0,Mar,2,2,1,2,Returning_Visitor,FALSE,FALSE
1,11,0,0,29,664.75,0,0.005057471,0,0,Mar,3,2,1,2,Returning_Visitor,FALSE,FALSE
0,0,0,0,7,64,0,0.014285714,0,0,Mar,2,2,1,3,Returning_Visitor,FALSE,FALSE
0,0,0,0,1,0,0.2,0.2,0,0,Mar,2,2,4,1,Returning_Visitor,FALSE,FALSE
0,0,0,0,8,326.5,0.1,0.125,0,0,Mar,1,1,1,3,Returning_Visitor,FALSE,FALSE
0,0,0,0,25,1690.977778,0.008,0.037333333,0,0,Mar,1,1,8,1,Returning_Visitor,FALSE,FALSE
0,0,0,0,1,0,0.2,0.2,0,0,Mar,2,2,8,1,Returning_Visitor,FALSE,FALSE
4,277.75,0,0,3,178.75,0,0.008,0,0,Mar,3,2,3,8,New_Visitor,FALSE,FALSE
0,0,0,0,12,407,0,0.033333333,0,0,Mar,2,2,4,3,Returning_Visitor,FALSE,FALSE
6,241.1666667,0,0,39,1513.566667,0.005128205,0.021367521,0,0,Mar,1,1,1,3,Returning_Visitor,FALSE,FALSE
3,64,0,0,24,832.0909091,0,0.009876543,0,0,Mar,2,10,1,3,New_Visitor,FALSE,FALSE
1,25.5,0,0,12,250.8333333,0,0.016666667,0,0,Mar,3,2,2,1,Returning_Visitor,TRUE,FALSE
2,64,0,0,15,565.6666667,0,0.00625,0,0,Mar,2,2,1,1,New_Visitor,FALSE,FALSE
0,0,0,0,10,194,0.02,0.04,0,0,Mar,2,5,7,1,Returning_Visitor,FALSE,FALSE
8,130,1,18,19,298,0,0.016666667,19.66818546,0,Mar,2,2,3,1,Returning_Visitor,TRUE,FALSE
9,79,1,155.5,55,1743.066667,0,0.004371585,0,0,Mar,2,2,6,2,Returning_Visitor,FALSE,FALSE
3,84,0,0,27,655.9166667,0,0.011111111,0,0,Mar,2,2,2,1,Returning_Visitor,FALSE,FALSE
0,0,1,9,30,1992.833333,0,0.003333333,9.227000967,0,Mar,2,4,1,3,Returning_Visitor,FALSE,TRUE
0,0,0,0,3,0,0.2,0.2,0,0,Mar,2,2,4,1,Returning_Visitor,FALSE,FALSE
0,0,0,0,24,308.8635531,0,0.028030303,0,0,Mar,2,6,2,2,Returning_Visitor,FALSE,FALSE
3,41,0,0,46,2749.666667,0,0.005555556,0,0,Mar,2,2,1,2,Returning_Visitor,FALSE,FALSE
0,0,0,0,1,0,0.2,0.2,0,0,Mar,3,2,1,1,Returning_Visitor,FALSE,FALSE
0,0,0,0,25,812,0,0.008,0,0,Mar,2,2,1,1,Returning_Visitor,FALSE,FALSE
0,0,0,0,12,166,0.028571429,0.071428571,0,0,Mar,2,2,1,1,Returning_Visitor,TRUE,FALSE
1,14,0,0,4,65,0,0.05,0,0,Mar,2,4,3,1,Returning_Visitor,FALSE,FALSE
4,86,0,0,46,2450.688095,0.027083333,0.047905093,0,0,Mar,1,1,3,3,Returning_Visitor,FALSE,FALSE
0,0,0,0,10,226.8333333,0,0.01,0,0,Mar,1,1,1,2,Returning_Visitor,TRUE,FALSE
3,618,0,0,9,341,0,0.007692308,34.43601877,0,Mar,2,2,9,3,New_Visitor,FALSE,TRUE
0,0,0,0,13,226,0,0.053846154,0,0,Mar,2,2,4,3,Returning_Visitor,TRUE,FALSE
1,11.88888889,0,0,111,3510.879903,9.83E-05,0.009438427,12.01656549,0,Mar,3,2,5,2,Returning_Visitor,FALSE,FALSE
5,51.5,0,0,2,6,0,0.033333333,0,0,Mar,2,5,2,1,Returning_Visitor,FALSE,FALSE
2,7,0,0,27,559.4,0.014814815,0.030452675,0,0,Mar,2,4,4,3,Returning_Visitor,TRUE,FALSE
8,269,0,0,33,1109.883333,0.013888889,0.027742165,0,0,Mar,1,1,4,1,Returning_Visitor,FALSE,FALSE
0,0,0,0,5,239,0,0.04,0,0,Mar,2,2,9,1,Returning_Visitor,FALSE,FALSE
2,44.5,0,0,7,212.1666667,0,0.00625,0,0,Mar,3,2,1,8,New_Visitor,TRUE,FALSE
1,3,14,1165.166667,81,2820.952419,0.008897485,0.029431012,0,0,Mar,2,2,3,2,Returning_Visitor,FALSE,FALSE
0,0,0,0,6,44,0.066666667,0.1,0,0,Mar,2,2,3,1,Returning_Visitor,FALSE,FALSE
0,0,0,0,8,781,0.028571429,0.057142857,0,0,Mar,3,2,4,1,Returning_Visitor,FALSE,FALSE
4,61,0,0,14,175.6666667,0,0.010588235,0,0,Mar,2,2,5,2,Returning_Visitor,FALSE,FALSE
3,90,0,0,25,397.8846154,0.005333333,0.033504762,0,0,Mar,2,2,1,1,Returning_Visitor,TRUE,FALSE
0,0,0,0,25,770.0285714,0.0112,0.034933333,0,0,Mar,3,2,8,10,Returning_Visitor,FALSE,FALSE
2,102.5,3,60,22,1034.975,0,0.014,16.14384,0,Mar,1,1,4,2,Returning_Visitor,FALSE,TRUE
0,0,0,0,2,12,0,0.1,0,0,Mar,1,1,5,3,Returning_Visitor,FALSE,FALSE
0,0,0,0,3,8,0.066666667,0.133333333,0,0,Mar,2,4,1,3,Returning_Visitor,FALSE,FALSE
1,17,0,0,22,399.8,0.019047619,0.038095238,0,0,Mar,1,5,7,1,Returning_Visitor,FALSE,FALSE
0,0,0,0,1,0,0.2,0.2,0,0,Mar,2,2,2,3,Returning_Visitor,FALSE,FALSE
9,213.3214286,5,528,61,2258.430586,0.01,0.020655014,2.810812468,0,Mar,1,1,4,2,Returning_Visitor,FALSE,FALSE
0,0,0,0,2,254,0,0.1,0,0,Mar,3,2,4,1,Returning_Visitor,FALSE,FALSE
0,0,0,0,7,67,0,0.028571429,0,0,Mar,2,2,1,2,Returning_Visitor,FALSE,FALSE
0,0,0,0,4,57,0,0.025,0,0,Mar,2,2,6,2,Returning_Visitor,FALSE,FALSE
0,0,0,0,12,240.4166667,0,0.061688312,0,0,Mar,3,2,1,6,Returning_Visitor,FALSE,FALSE
0,0,0,0,8,551.1666667,0.025,0.035,0,0,Mar,3,2,2,3,Returning_Visitor,FALSE,FALSE
6,71.5,0,0,47,1532.2,0.009929078,0.019797366,27.26888014,0,Mar,2,2,1,1,Returning_Visitor,FALSE,TRUE
0,0,0,0,7,379.5,0.057142857,0.085714286,0,0,Mar,3,2,8,1,Returning_Visitor,FALSE,FALSE
1,6,0,0,14,548.1857143,0.028571429,0.02987013,0,0,Mar,3,2,3,1,Returning_Visitor,TRUE,FALSE
3,304,0,0,31,1735.301587,0.015625,0.0515625,0,0,Mar,1,1,2,1,Returning_Visitor,FALSE,FALSE
0,0,0,0,3,103,0,0.022222222,0,0,Mar,1,1,1,3,Returning_Visitor,TRUE,FALSE
7,151,0,0,44,1406.1,0.004081633,0.006501458,0,0,Mar,1,1,4,2,Returning_Visitor,FALSE,FALSE
3,199.75,0,0,8,331.4,0,0.003333333,0,0,Mar,3,2,2,10,New_Visitor,FALSE,FALSE
1,13.5,1,28,88,1759.275703,0.004545455,0.020644542,0,0,Mar,2,2,1,2,Returning_Visitor,FALSE,FALSE
0,0,0,0,1,0,0.2,0.2,0,0,Mar,2,4,1,1,Returning_Visitor,FALSE,FALSE
7,191.2,4,654.3333333,31,1204.600433,0.000854701,0.013342491,11.92009615,0,Mar,2,2,7,2,Returning_Visitor,FALSE,TRUE
2,47,0,0,39,1743.366667,0,0.016410256,78.93483561,0,Mar,3,3,2,1,Returning_Visitor,FALSE,TRUE
0,0,0,0,10,236,0,0.026666667,0,0,Mar,2,2,1,1,Returning_Visitor,FALSE,FALSE
5,197,4,246,17,427.0833333,0,0.008695652,0,0,Mar,1,1,3,2,New_Visitor,FALSE,FALSE
3,115.125,0,0,46,909.522619,0.004255319,0.020449173,0,0,Mar,2,2,6,1,Returning_Visitor,FALSE,FALSE
4,312.75,0,0,14,702.9166667,0,0.014259259,0,0,Mar,3,2,1,2,New_Visitor,FALSE,FALSE
0,0,0,0,40,962.3333333,0,0.01625,0,0,Mar,2,2,9,1,Returning_Visitor,FALSE,FALSE
4,724,0,0,2,159,0,0.008,0,0,Mar,4,2,1,7,New_Visitor,FALSE,FALSE
0,0,0,0,2,24,0,0.1,0,0,Mar,2,6,1,2,Returning_Visitor,FALSE,FALSE
8,237.5,4,142,30,1569.625,0,0.008108108,15.88906362,0,Mar,1,2,1,9,Returning_Visitor,TRUE,TRUE
3,66.33333333,0,0,15,424.8333333,0,0.0125,0,0,Mar,2,2,6,6,Returning_Visitor,FALSE,FALSE
0,0,0,0,16,154.8333333,0,0.00625,0,0,Mar,2,4,7,1,Returning_Visitor,FALSE,FALSE
2,190,1,0,37,758.4428571,0,0.010526316,0,0,Mar,1,1,6,1,Returning_Visitor,TRUE,FALSE
4,174,1,18.5,11,305.875,0,0.001709402,0,0,Mar,1,2,3,8,New_Visitor,TRUE,FALSE
3,227,0,0,2,62,0,0.025,0,0,Mar,3,2,1,10,Returning_Visitor,TRUE,FALSE
1,23,0,0,15,656.25,0.028571429,0.028571429,0,0,Mar,1,1,8,2,Returning_Visitor,TRUE,FALSE
0,0,0,0,29,617.5,0.006896552,0.01954023,0,0,Mar,2,2,3,10,Returning_Visitor,FALSE,FALSE
0,0,2,39,15,245,0,0.0125,11.9955404,0,Mar,2,2,1,3,Returning_Visitor,TRUE,TRUE
0,0,0,0,3,20,0,0.066666667,0,0,Mar,2,2,2,1,Returning_Visitor,TRUE,FALSE
0,0,0,0,1,0,0.2,0.2,0,0,Mar,1,1,1,1,Returning_Visitor,TRUE,FALSE
0,0,0,0,2,22,0,0.1,0,0,Mar,1,2,9,2,Returning_Visitor,FALSE,FALSE
1,26,1,0,55,872.4,0.003508772,0.01754386,0,0,Mar,2,5,1,1,Returning_Visitor,TRUE,FALSE
0,0,0,0,1,0,0.2,0.2,0,0,Mar,3,2,2,1,Returning_Visitor,FALSE,FALSE
0,0,0,0,38,1372,0.005405405,0.018918919,0,0,Mar,2,2,1,2,Returning_Visitor,FALSE,FALSE
2,41,0,0,7,139,0.022222222,0.055555556,0,0,Mar,2,5,6,2,Returning_Visitor,TRUE,FALSE
4,74,2,629,149,5042.458059,0.003870968,0.007285123,18.36804916,0,Mar,2,2,1,2,Returning_Visitor,FALSE,TRUE
0,0,0,0,5,288.5,0,0.0125,0,0,Mar,2,2,1,2,Returning_Visitor,TRUE,FALSE
0,0,0,0,2,0,0.2,0.2,0,0,Mar,2,2,1,3,Returning_Visitor,TRUE,FALSE
0,0,0,0,6,192,0,0.04,0,0,Mar,2,10,4,3,Returning_Visitor,FALSE,FALSE
0,0,0,0,27,954.6666667,0,0.003846154,0,0,Mar,2,2,1,2,Returning_Visitor,FALSE,FALSE
0,0,0,0,1,0,0.2,0.2,0,0,Mar,2,2,4,11,Returning_Visitor,FALSE,FALSE
2,74,0,0,13,429,0.013333333,0.040444444,0,0,Mar,2,4,3,6,Returning_Visitor,FALSE,FALSE
0,0,0,0,41,1546.5,0,0.008333333,0,0,Mar,3,2,1,1,Returning_Visitor,TRUE,FALSE
2,45,0,0,9,96.46666667,0,0.018181818,0,0,Mar,2,2,3,1,Returning_Visitor,FALSE,FALSE
2,112,0,0,9,198.8333333,0,0.006060606,0,0,Mar,3,2,3,2,New_Visitor,TRUE,FALSE
0,0,0,0,8,181,0.075,0.1,0,0,Mar,3,2,1,13,Returning_Visitor,TRUE,FALSE
2,37,0,0,15,208.5,0,0.011764706,0,0,Mar,2,2,3,2,New_Visitor,TRUE,FALSE
0,0,0,0,21,517.4238095,0.019047619,0.025,0,0,Mar,2,5,2,1,Returning_Visitor,FALSE,FALSE
0,0,0,0,12,358.0666667,0,0.025,0,0,Mar,3,3,2,1,Returning_Visitor,FALSE,FALSE
1,5.5,0,0,22,339.25,0,0.026984127,0,0,Mar,2,2,2,3,Returning_Visitor,FALSE,FALSE
3,50,0,0,13,796,0,0.013333333,0,0,Mar,2,2,5,2,Returning_Visitor,FALSE,FALSE
0,0,0,0,31,1759.416667,0,0.002903226,0,0,Mar,2,2,4,2,Returning_Visitor,TRUE,FALSE
2,26,0,0,19,3277,0.015789474,0.037894737,0,0,Mar,2,2,4,6,Returning_Visitor,FALSE,FALSE
0,0,0,0,13,265.1666667,0,0.046153846,0,0,Mar,2,2,4,2,Returning_Visitor,FALSE,FALSE
5,113.5,0,0,13,437.2,0,0.002222222,0,0,Mar,1,8,4,11,New_Visitor,FALSE,FALSE
0,0,0,0,6,92,0,0.066666667,0,0,Mar,1,1,3,10,Returning_Visitor,FALSE,FALSE
3,279,0,0,0,0,0,0.05,0,0,Mar,3,2,1,10,Returning_Visitor,TRUE,FALSE
3,228,1,267.5,23,1266.267677,0.002197802,0.037765568,0,0,Mar,2,2,3,2,Returning_Visitor,FALSE,FALSE
3,55,2,4,2,19,0,0.033333333,0,0,Mar,1,1,8,2,New_Visitor,FALSE,FALSE
6,112.5,0,0,47,1882.113409,0.004,0.019314286,17.527656,0,Mar,1,1,4,3,Returning_Visitor,FALSE,FALSE
1,17,0,0,12,616.4,0,0.018181818,0,0,Mar,1,1,3,1,Returning_Visitor,TRUE,FALSE
0,0,0,0,5,155,0.04,0.053333333,0,0,Mar,2,2,1,2,Returning_Visitor,FALSE,FALSE
0,0,0,0,11,814.5,0,0.01,0,0,Mar,1,1,1,2,New_Visitor,FALSE,FALSE
0,0,0,0,21,460.4166667,0.019047619,0.036507937,0,0,Mar,2,2,6,1,Returning_Visitor,FALSE,FALSE
0,0,0,0,5,819.5,0,0.036,0,0,Mar,2,2,1,2,Returning_Visitor,TRUE,FALSE
1,8.5,0,0,30,659.2,0,0.006451613,0,0,Mar,2,2,3,3,New_Visitor,TRUE,FALSE
0,0,0,0,5,427,0,0.04,0,0,Mar,3,3,3,9,Returning_Visitor,TRUE,FALSE
0,0,0,0,1,0,0.2,0.2,0,0,Mar,2,2,4,1,Returning_Visitor,FALSE,FALSE
0,0,0,0,17,766.5,0,0.0125,61.9395,0,Mar,2,2,1,2,New_Visitor,TRUE,TRUE
0,0,0,0,1,0,0.2,0.2,0,0,Mar,2,5,5,1,Returning_Visitor,FALSE,FALSE
0,0,0,0,14,2425,0,0.007142857,0,0,Mar,2,2,1,3,Returning_Visitor,FALSE,FALSE
7,319.5,0,0,11,416.5,0,0.007142857,0,0,Mar,3,2,1,9,New_Visitor,TRUE,FALSE
0,0,0,0,15,638.6428571,0.003571429,0.053571429,0,0,Mar,3,2,1,1,Returning_Visitor,FALSE,FALSE
0,0,1,132,8,445,0,0.014285714,0,0,Mar,3,2,4,14,Returning_Visitor,TRUE,FALSE
0,0,0,0,4,81,0,0.025,0,0,Mar,2,2,3,2,Returning_Visitor,FALSE,FALSE
0,0,0,0,20,1985,0.03,0.055,0,0,Mar,1,1,1,1,Returning_Visitor,FALSE,FALSE
5,97.5,0,0,24,758.1444444,0.04,0.059846154,0,0,Mar,3,2,2,1,Returning_Visitor,TRUE,FALSE
7,182.0833333,0,0,15,310.9,0,0.01,0,0,Mar,2,2,4,2,Returning_Visitor,FALSE,FALSE
3,97,0,0,15,482,0.0125,0.025,0,0,Mar,2,2,6,1,Returning_Visitor,FALSE,FALSE
0,0,0,0,2,0,0.2,0.2,0,0,Mar,2,5,1,1,Returning_Visitor,FALSE,FALSE
3,34.83333333,0,0,30,709.8333333,0.026666667,0.046666667,0,0,Mar,1,1,2,1,Returning_Visitor,TRUE,FALSE
0,0,3,57,31,4547.166667,0.012903226,0.039247312,8.682741935,0,Mar,2,4,5,2,Returning_Visitor,FALSE,FALSE
0,0,0,0,9,1040,0.077777778,0.116666667,0,0,Mar,2,4,3,1,Returning_Visitor,FALSE,FALSE
0,0,0,0,3,223,0.066666667,0.133333333,0,0,Mar,1,1,8,3,Returning_Visitor,FALSE,FALSE
0,0,2,14,11,687.5,0.020512821,0.035897436,0,0,Mar,3,2,1,3,Returning_Visitor,TRUE,FALSE
0,0,0,0,30,632.5833333,0,0.021666667,0,0,Mar,2,5,1,1,Returning_Visitor,FALSE,FALSE
1,77,0,0,9,312,0,0.044444444,0,0,Mar,1,1,3,3,New_Visitor,TRUE,FALSE
3,107,0,0,45,2502.966667,0,0.008510638,9.702113281,0,Mar,2,4,1,2,New_Visitor,TRUE,FALSE
10,614.1666667,0,0,47,3608.9,0,0.019871795,7.256219133,0,Mar,2,2,3,1,Returning_Visitor,FALSE,FALSE
13,315.9666667,1,0,15,406.575,0.019047619,0.032380952,0,0,Mar,3,2,3,2,Returning_Visitor,FALSE,FALSE
0,0,0,0,1,0,0.2,0.2,0,0,Mar,2,2,3,3,Returning_Visitor,FALSE,FALSE
1,0,0,0,39,2487.5,0.017105263,0.047105263,0,0,Mar,2,2,1,3,Returning_Visitor,FALSE,FALSE
0,0,0,0,15,212.8,0.019047619,0.042857143,0,0,Mar,1,1,3,1,Returning_Visitor,FALSE,FALSE
2,11,0,0,20,510,0.013636364,0.034848485,0,0,Mar,4,1,6,1,Returning_Visitor,FALSE,FALSE
0,0,0,0,1,0,0.2,0.2,0,0,Mar,3,2,3,1,Returning_Visitor,FALSE,FALSE
2,47.66666667,0,0,5,72.33333333,0,0.014285714,0,0,Mar,1,1,8,2,New_Visitor,FALSE,FALSE
0,0,0,0,13,96.5,0.030769231,0.076923077,0,0,Mar,2,6,4,1,Returning_Visitor,FALSE,FALSE
0,0,0,0,8,267,0,0.05,0,0,Mar,2,2,3,3,Returning_Visitor,FALSE,FALSE
0,0,0,0,8,481.1666667,0,0.025,0,0,Mar,2,2,7,7,Returning_Visitor,FALSE,FALSE
0,0,0,0,4,2528,0,0.066666667,0,0,Mar,2,2,9,1,Returning_Visitor,TRUE,FALSE
2,30,1,148.5,24,1530.194444,0.007407407,0.014814815,10.10222222,0,Mar,1,1,1,10,Returning_Visitor,FALSE,FALSE
0,0,0,0,7,289.5,0,0.014285714,0,0,Mar,1,1,1,1,Returning_Visitor,TRUE,FALSE
0,0,0,0,1,10,0,0.1,0,0,Mar,3,2,3,9,Returning_Visitor,TRUE,FALSE
0,0,0,0,16,676.75,0.014285714,0.035714286,0,0,Mar,4,2,1,3,Returning_Visitor,FALSE,FALSE
0,0,0,0,4,36,0.05,0.1,0,0,Mar,2,2,6,1,Returning_Visitor,FALSE,FALSE
2,25,0,0,6,65,0,0.025,0,0,Mar,2,2,1,2,New_Visitor,TRUE,FALSE
0,0,0,0,16,630.75,0,0.04047619,0,0,Mar,3,2,1,1,Returning_Visitor,TRUE,FALSE
8,359,2,954,14,336.5,0,0.005555556,0,0,Mar,3,2,7,9,Returning_Visitor,TRUE,FALSE
0,0,0,0,5,77,0,0.04,0,0,Mar,2,4,1,3,Returning_Visitor,TRUE,FALSE
5,59,0,0,3,44.66666667,0,0.025,0,0,Mar,2,4,6,2,Returning_Visitor,TRUE,FALSE
4,1347.75,0,0,22,3410.875,0.019871795,0.09,0,0,Mar,2,2,1,2,Returning_Visitor,FALSE,FALSE
0,0,0,0,10,322.5,0.04,0.07,0,0,Mar,2,2,4,1,Returning_Visitor,FALSE,FALSE
0,0,0,0,11,919,0,0.027272727,0,0,Mar,2,6,2,3,Returning_Visitor,FALSE,FALSE
18,280.95,6,762.5,79,2096.911364,0.003333333,0.014008551,25.96702005,0,Mar,2,4,2,2,Returning_Visitor,FALSE,FALSE
4,100.3,0,0,66,2868.133333,0.011428571,0.01725974,9.162351243,0,Mar,3,2,1,1,Returning_Visitor,FALSE,TRUE
1,23,0,0,27,1058.893939,0,0.010493827,1.865777778,0,Mar,2,2,3,13,Returning_Visitor,FALSE,FALSE
6,53.38095238,0,0,5,54.38095238,0,0.003571429,0,0,Mar,2,2,6,2,New_Visitor,TRUE,FALSE
2,8,0,0,11,543.5,0.007692308,0.038461538,0,0,Mar,2,2,3,13,Returning_Visitor,FALSE,FALSE
0,0,0,0,29,1089,0.006896552,0.013793103,0,0,Mar,1,6,1,1,Returning_Visitor,FALSE,FALSE
1,0,1,60,43,1131.808333,0.028787879,0.047348485,0,0,Mar,1,1,1,3,Returning_Visitor,FALSE,FALSE
0,0,0,0,7,314.5,0.033333333,0.066666667,0,0,Mar,2,2,3,1,Returning_Visitor,FALSE,FALSE
14,416.3928571,6,449.3333333,258,11301.20416,0,0.00742538,33.6117917,0,Mar,2,4,9,2,Returning_Visitor,FALSE,TRUE
6,573.5,1,0,33,1946.942857,0.005882353,0.020602653,0,0,Mar,3,2,3,2,Returning_Visitor,FALSE,FALSE
0,0,0,0,1,0,0.2,0.2,0,0,Mar,2,2,1,1,Returning_Visitor,FALSE,FALSE
6,465.8333333,2,71,26,1558,0.006666667,0.013333333,7.169617487,0,Mar,2,2,1,1,Returning_Visitor,TRUE,FALSE
0,0,1,212.5,21,1198.75,0,0.003174603,0,0,Mar,2,4,7,2,Returning_Visitor,FALSE,FALSE
0,0,0,0,1,0,0.2,0.2,0,0,Mar,2,2,4,3,Returning_Visitor,FALSE,FALSE
0,0,0,0,17,927.1666667,0,0.014705882,0,0,Mar,1,1,2,3,Returning_Visitor,FALSE,FALSE
9,97.64285714,0,0,37,584.5958874,0.005128205,0.013043478,0,0,Mar,2,4,1,3,Returning_Visitor,TRUE,FALSE
0,0,0,0,4,135.5,0,0.066666667,0,0,Mar,2,2,3,14,Returning_Visitor,FALSE,FALSE
3,148,0,0,8,292.5,0,0.027272727,0,0,Mar,2,2,1,3,Returning_Visitor,TRUE,FALSE
0,0,0,0,2,68.5,0,0.033333333,0,0,Mar,3,2,1,10,Returning_Visitor,FALSE,FALSE
3,58,0,0,23,364.1666667,0.004,0.02,0,0,Mar,2,2,1,3,Returning_Visitor,FALSE,FALSE
0,0,0,0,26,694.3,0.023076923,0.036410256,0,0,Mar,3,2,2,3,Returning_Visitor,TRUE,FALSE
1,3,0,0,3,236,0,0.025,0,0,Mar,3,2,1,3,Returning_Visitor,TRUE,FALSE
4,97.61111111,0,0,24,1128.468254,0.038461538,0.058577534,0,0,Mar,2,4,3,1,Returning_Visitor,FALSE,FALSE
4,57,0,0,5,81,0,0.025,0,0,Mar,1,1,8,10,Returning_Visitor,FALSE,FALSE
2,34,0,0,21,521.5,0.018181818,0.021212121,0,0,Mar,3,2,5,1,Returning_Visitor,TRUE,FALSE
0,0,0,0,7,496.75,0,0.011111111,0,0,Mar,3,2,6,1,Returning_Visitor,FALSE,FALSE
0,0,0,0,9,104.8333333,0.022222222,0.072222222,0,0,Mar,2,2,4,2,Returning_Visitor,FALSE,FALSE
1,7,0,0,4,45,0,0.0125,0,0,Mar,3,2,3,1,Returning_Visitor,FALSE,FALSE
2,37.5,0,0,2,492.5,0,0.05,0,0,Mar,2,2,1,2,Returning_Visitor,FALSE,FALSE
1,3,0,0,40,624.75,0,0.014634146,0,0,Mar,3,7,3,3,Returning_Visitor,FALSE,FALSE
0,0,0,0,1,0,0.2,0.2,0,0,Mar,3,2,7,1,Returning_Visitor,FALSE,FALSE
0,0,0,0,6,116.5,0,0.066666667,0,0,Mar,2,2,2,3,Returning_Visitor,TRUE,FALSE
0,0,0,0,8,144,0.025,0.045833333,0,0,Mar,3,2,7,3,Returning_Visitor,TRUE,FALSE
2,22.5,0,0,28,686.3222222,0,0.001190476,0,0,Mar,2,4,3,1,Returning_Visitor,FALSE,FALSE
0,0,1,1411,1,1411,0,0.1,0,0,Mar,2,2,1,2,Returning_Visitor,FALSE,FALSE
0,0,0,0,7,126,0.028571429,0.057142857,0,0,Mar,2,5,2,10,Returning_Visitor,FALSE,FALSE
0,0,0,0,6,185,0,0.1,0,0,Mar,1,1,1,10,Returning_Visitor,FALSE,FALSE
0,0,0,0,6,218,0,0.066666667,0,0,Mar,2,2,3,1,Returning_Visitor,FALSE,FALSE
0,0,0,0,1,0,0.2,0.2,0,0,Mar,3,2,3,1,Returning_Visitor,FALSE,FALSE
0,0,0,0,30,484.672619,0,0.018965517,0,0,Mar,2,6,7,1,Returning_Visitor,FALSE,FALSE
0,0,0,0,19,439.8333333,0.005555556,0.003703704,0,0,Mar,1,1,7,2,New_Visitor,FALSE,FALSE
2,38,0,0,21,733.7,0,0.014035088,0,0,Mar,2,7,1,3,Returning_Visitor,TRUE,FALSE
6,77,3,447,34,1469.702381,0,0.02398374,22.80152439,0,Mar,2,2,1,2,Returning_Visitor,FALSE,FALSE
2,58.5,2,125,16,485.8333333,0,0.002222222,0,0,Mar,2,2,7,2,New_Visitor,TRUE,FALSE
0,0,0,0,3,19,0,0.066666667,0,0,Mar,2,4,1,1,Returning_Visitor,TRUE,FALSE
6,99.33333333,1,28.5,5,345.5,0,0.011111111,0,0,Mar,2,2,3,8,New_Visitor,FALSE,FALSE
3,117,0,0,20,543.8,0.00952381,0.019047619,0,0,Mar,1,1,1,2,New_Visitor,FALSE,FALSE
0,0,0,0,3,48,0,0.066666667,0,0,Mar,4,1,1,1,Returning_Visitor,FALSE,FALSE
2,16.66666667,0,0,22,343.3690476,0.001298701,0.039924242,0,0,Mar,3,2,1,1,Returning_Visitor,FALSE,FALSE
0,0,0,0,9,171,0.022222222,0.066666667,0,0,Mar,2,10,4,3,Returning_Visitor,FALSE,FALSE
12,81.5,0,0,61,2202.579167,0.005797101,0.017153855,0,0,Mar,2,2,1,1,Returning_Visitor,FALSE,FALSE
0,0,0,0,11,299.5,0.036363636,0.072727273,0,0,Mar,1,1,3,1,Returning_Visitor,FALSE,FALSE
0,0,0,0,1,0,0.2,0.2,0,0,Mar,2,2,1,1,Returning_Visitor,FALSE,FALSE
0,0,1,90,11,1056.5,0.018181818,0.054545455,0,0,Mar,4,2,1,2,Returning_Visitor,FALSE,FALSE
4,34,0,0,46,627.3083333,0,0.004166667,0,0,Mar,2,2,7,8,New_Visitor,FALSE,FALSE
4,38.5,0,0,33,583.8333333,0.002631579,0.007894737,0,0,Mar,2,2,4,3,Returning_Visitor,TRUE,FALSE
0,0,0,0,7,221.5,0,0.028571429,0,0,Mar,4,1,1,3,Returning_Visitor,FALSE,FALSE
0,0,0,0,44,441.7916667,0.004545455,0.018181818,0,0,Mar,4,2,1,3,Returning_Visitor,FALSE,FALSE
7,156.25,0,0,37,1037.355013,0,0.0165,0,0,Mar,3,2,8,2,Returning_Visitor,FALSE,FALSE
3,15,0,0,11,246,0.018181818,0.054545455,0,0,Mar,2,2,1,8,Returning_Visitor,FALSE,FALSE
0,0,0,0,3,10,0,0.066666667,0,0,Mar,2,2,7,1,Returning_Visitor,FALSE,FALSE
0,0,2,18,1,46,0,0.066666667,0,0,Mar,2,2,7,10,Returning_Visitor,FALSE,FALSE
0,0,0,0,80,801.802381,0,0.0035,0,0,Mar,2,2,3,1,Returning_Visitor,FALSE,FALSE
1,19,0,0,40,1361.166667,0.005,0.0225,0,0,Mar,4,1,2,3,Returning_Visitor,TRUE,FALSE
0,0,0,0,5,53,0.04,0.08,0,0,Mar,2,5,2,2,Returning_Visitor,TRUE,FALSE
1,7,0,0,17,2648.5,0.0125,0.03125,0,0,Mar,2,2,1,2,Returning_Visitor,FALSE,FALSE
0,0,0,0,3,27,0.066666667,0.133333333,0,0,Mar,2,2,1,13,Returning_Visitor,FALSE,FALSE
0,0,0,0,13,255,0,0.015384615,0,0,Mar,2,4,1,1,Returning_Visitor,TRUE,FALSE
0,0,0,0,2,221.5,0,0.05,0,0,Mar,3,2,3,10,Returning_Visitor,TRUE,FALSE
0,0,0,0,7,225,0.028571429,0.085714286,0,0,Mar,4,1,4,1,Returning_Visitor,FALSE,FALSE
0,0,0,0,7,125,0,0.028571429,0,0,Mar,2,2,1,1,Returning_Visitor,FALSE,FALSE
0,0,0,0,12,323,0.033333333,0.066666667,0,0,Mar,2,2,1,3,Returning_Visitor,TRUE,FALSE
5,67.5,3,245,32,1929.329762,0,0.00430839,0,0,Mar,2,4,1,1,Returning_Visitor,FALSE,FALSE
12,311.4090909,0,0,96,4233.4807,0.006635802,0.027174712,3.541145833,0,Mar,2,4,1,1,Returning_Visitor,TRUE,FALSE
0,0,0,0,5,116,0,0.04,0,0,Mar,2,5,1,1,Returning_Visitor,FALSE,FALSE
0,0,0,0,2,0,0.2,0.2,0,0,Mar,3,2,6,1,Returning_Visitor,TRUE,FALSE
3,14,0,0,27,1585.666667,0.026666667,0.058333333,0,0,Mar,2,2,6,1,Returning_Visitor,TRUE,FALSE
6,145,0,0,13,644,0,0.013333333,0,0,Mar,2,2,1,2,New_Visitor,FALSE,FALSE
0,0,0,0,5,488.5,0.032727273,0.033846154,0,0,Mar,2,7,7,6,Returning_Visitor,FALSE,FALSE
0,0,1,15,25,1235.65,0.041666667,0.05327381,0,0,Mar,1,1,1,3,Returning_Visitor,TRUE,FALSE
1,43,0,0,37,1505.166667,0,0.005263158,0,0,Mar,2,2,4,8,New_Visitor,FALSE,FALSE
0,0,0,0,7,495,0,0.00952381,0,0,Mar,4,1,3,2,Returning_Visitor,FALSE,FALSE
4,84,0,0,21,270,0,0.002380952,0,0,Mar,1,1,3,2,Returning_Visitor,FALSE,FALSE
0,0,0,0,2,0,0.2,0.2,0,0,Mar,3,2,1,10,Returning_Visitor,FALSE,FALSE
4,120,0,0,13,293,0,0.014285714,0,0,Mar,1,2,1,10,Returning_Visitor,FALSE,FALSE
0,0,1,0,51,2122.656061,0,0.007051282,9.294775641,0,Mar,2,2,1,10,Returning_Visitor,FALSE,TRUE
0,0,0,0,35,1231.160256,0.005714286,0.023619048,0,0,Mar,2,2,1,1,Returning_Visitor,FALSE,FALSE
0,0,0,0,1,0,0.2,0.2,0,0,Mar,2,2,1,1,Returning_Visitor,FALSE,FALSE
0,0,0,0,17,341.6666667,0.011764706,0.041176471,0,0,Mar,2,6,9,6,Returning_Visitor,FALSE,FALSE
0,0,0,0,1,0,0.2,0.2,0,0,Mar,1,1,3,3,Returning_Visitor,FALSE,FALSE
0,0,0,0,21,1686.333333,0,0.030952381,0,0,Mar,2,5,2,1,Returning_Visitor,FALSE,FALSE
5,263,0,0,3,212,0,0.028571429,0,0,Mar,1,1,9,8,New_Visitor,FALSE,FALSE
1,0,0,0,34,2161.979365,0.00625,0.020233586,0,0,Mar,3,2,1,1,Returning_Visitor,FALSE,FALSE
9,72.94444444,2,125.0952381,17,318.0730159,0.008695652,0.035397453,0,0,Mar,3,2,8,2,Returning_Visitor,FALSE,FALSE
0,0,0,0,1,13,0,0.1,0,0,Mar,2,2,3,1,Returning_Visitor,FALSE,FALSE
0,0,0,0,30,390.6666667,0.006666667,0.056666667,0,0,Mar,2,6,6,1,Returning_Visitor,FALSE,FALSE
0,0,0,0,11,253,0,0.027272727,0,0,Mar,2,2,2,1,Returning_Visitor,FALSE,FALSE
1,18.5,0,0,12,208,0.045454545,0.081818182,0,0,Mar,2,2,4,1,Returning_Visitor,FALSE,FALSE
6,87.33333333,0,0,62,1470.853037,0,0.009683372,0,0,Mar,2,4,6,3,Returning_Visitor,TRUE,FALSE
6,99.60588235,0,0,83,2585.61835,0,0.00761877,6.871308983,0,Mar,2,2,2,2,Returning_Visitor,FALSE,TRUE
3,63,0,0,13,400.3333333,0.030769231,0.046153846,0,0,Mar,4,1,3,1,Returning_Visitor,FALSE,FALSE
3,68,1,103,10,808.5,0,0.015384615,35.99261538,0,Mar,2,2,3,7,Returning_Visitor,TRUE,TRUE
0,0,0,0,12,1484,0,0.016666667,0,0,Mar,2,2,7,1,Returning_Visitor,FALSE,FALSE
0,0,0,0,4,505,0,0.05,0,0,Mar,2,2,1,1,Returning_Visitor,FALSE,FALSE
3,68.5,0,0,37,1121.205556,0.005405405,0.00113798,0,0,Mar,1,1,1,2,Returning_Visitor,TRUE,FALSE
1,135,0,0,2,141,0,0.066666667,0,0,Mar,2,2,1,10,Returning_Visitor,FALSE,FALSE
0,0,0,0,3,234,0,0.033333333,0,0,Mar,1,2,1,2,Returning_Visitor,TRUE,FALSE
1,34,0,0,7,179,0,0.028571429,53.13428571,0,Mar,2,4,2,8,New_Visitor,FALSE,TRUE
6,176.25,12,404,41,2720.671429,0.012962963,0.033262108,8.833825926,0,Mar,2,2,2,2,Returning_Visitor,TRUE,TRUE
16,315.1449864,6,147.8666667,173,6255.017866,0.002531328,0.010737154,0,0,Mar,2,2,2,2,Returning_Visitor,FALSE,FALSE
6,523.2142857,2,263,48,2309.732468,0.003846154,0.014903846,10.60089168,0,Mar,2,2,3,1,Returning_Visitor,FALSE,TRUE
4,76,0,0,39,1936.55,0.004761905,0.023809524,5.51397619,0,Mar,4,1,3,2,Returning_Visitor,FALSE,FALSE
3,118.6666667,0,0,17,694,0.003703704,0.008333333,27.45138186,0,Mar,3,2,1,2,Returning_Visitor,TRUE,TRUE
0,0,0,0,11,125,0.018181818,0.081818182,0,0,Mar,2,2,1,13,Returning_Visitor,FALSE,FALSE
8,174.5,0,0,10,195.5,0,0.006060606,0,0,Mar,1,1,3,2,Returning_Visitor,FALSE,FALSE
1,40,0,0,27,1400.5,0,0.007142857,0,0,Mar,1,1,4,2,Returning_Visitor,FALSE,FALSE
8,201.1666667,3,41,18,914.1666667,0,0.0125,0,0,Mar,1,1,1,3,Returning_Visitor,FALSE,FALSE
13,374.875,1,53,88,5958.071931,0.002105263,0.00954386,0,0,Mar,2,2,3,2,Returning_Visitor,FALSE,FALSE
4,56,0,0,31,270.4916667,0,0.00234375,0,0,Mar,2,2,1,3,Returning_Visitor,FALSE,FALSE
3,92.83333333,0,0,24,463.8166667,0.002666667,0.015333333,17.84230699,0,Mar,1,1,1,2,Returning_Visitor,FALSE,TRUE
0,0,0,0,16,371.5,0.0125,0.025,0,0,Mar,2,5,7,1,Returning_Visitor,FALSE,FALSE
0,0,0,0,6,13,0.133333333,0.166666667,0,0,Mar,2,2,1,3,Returning_Visitor,FALSE,FALSE
1,4,3,148.5,5,185.8333333,0,0.01875,0,0,Mar,2,2,7,2,Returning_Visitor,FALSE,FALSE
2,102,0,0,16,502.8333333,0,0.004444444,0,0,Mar,3,2,4,2,Returning_Visitor,TRUE,FALSE
0,0,0,0,3,1016.5,0.066666667,0.066666667,0,0,Mar,3,2,5,1,Returning_Visitor,FALSE,FALSE
1,11,0,0,16,253,0,0.023529412,0,0,Mar,2,2,1,3,New_Visitor,FALSE,FALSE
0,0,1,126,17,887.0666667,0.0125,0.0296875,0,0,Mar,2,2,1,2,Returning_Visitor,FALSE,FALSE
0,0,0,0,58,3200.366667,0.003448276,0.027586207,0,0,Mar,2,2,6,1,Returning_Visitor,FALSE,FALSE
3,187,2,41,48,1769.697383,0.000606061,0.011616162,16.71534488,0,Mar,2,2,3,2,Returning_Visitor,FALSE,FALSE
0,0,0,0,14,1037.5,0.014285714,0.047619048,0,0,Mar,2,2,4,2,Returning_Visitor,FALSE,FALSE
4,185,0,0,40,1694.75,0.020512821,0.031196581,0,0,Mar,2,2,6,1,Returning_Visitor,FALSE,FALSE
0,0,0,0,37,1643.435516,0.005555556,0.032271242,2.188718519,0,Mar,2,4,3,2,Returning_Visitor,TRUE,TRUE
0,0,0,0,7,383.5,0,0.023809524,0,0,Mar,3,2,6,3,Returning_Visitor,FALSE,FALSE
8,166.2,5,371,23,626.2213675,0.004444444,0.008888889,0,0,Mar,1,1,8,3,Returning_Visitor,FALSE,FALSE
0,0,0,0,4,34,0.1,0.125,0,0,Mar,3,2,3,3,Returning_Visitor,FALSE,FALSE
0,0,0,0,27,1070.461905,0,0.007407407,57.7293604,0,Mar,2,2,3,2,Returning_Visitor,FALSE,TRUE
0,0,0,0,1,0,0.2,0.2,0,0,Mar,3,2,3,3,Returning_Visitor,FALSE,FALSE
2,84,0,0,3,195,0,0.02,0,0,Mar,2,2,5,2,Returning_Visitor,FALSE,FALSE
3,86,0,0,22,1187.833333,0.009090909,0.027272727,0,0,Mar,3,2,3,1,Returning_Visitor,TRUE,FALSE
17,754.1095238,2,77,31,1021.619336,0.004545455,0.026479076,2.08053355,0,Mar,1,1,3,2,Returning_Visitor,FALSE,TRUE
3,24,0,0,6,58,0,0.028571429,0,0,Mar,2,2,8,2,Returning_Visitor,FALSE,FALSE
0,0,0,0,18,771.0833333,0.055555556,0.071428571,0,0,Mar,2,2,3,1,Returning_Visitor,FALSE,FALSE
8,17.34848485,0,0,19,291.2589744,0,0.043589744,0,0,Mar,2,2,7,1,Returning_Visitor,FALSE,FALSE
0,0,0,0,15,695.4,0.014285714,0.028571429,0,0,Mar,2,2,2,1,Returning_Visitor,FALSE,FALSE
2,15,0,0,3,21,0,0.05,0,0,Mar,3,2,4,8,Returning_Visitor,FALSE,FALSE
0,0,0,0,45,1594.283333,0,0.015227273,45.4316713,0,Mar,2,2,1,2,Returning_Visitor,TRUE,TRUE
3,36,1,395,12,343.5833333,0,0.014285714,0,0,Mar,2,2,1,2,New_Visitor,FALSE,FALSE
2,34,0,0,81,2241.002381,0.002439024,0.007012195,0,0,Mar,2,2,1,1,Returning_Visitor,FALSE,FALSE
0,0,0,0,2,5,0,0.1,0,0,Mar,2,2,1,13,Returning_Visitor,TRUE,FALSE
0,0,0,0,2,63,0,0.05,0,0,Mar,3,2,1,1,Returning_Visitor,FALSE,FALSE
2,47,0,0,21,825.0833333,0,0.009090909,10.7929507,0,Mar,2,2,2,2,New_Visitor,FALSE,TRUE
0,0,0,0,54,1357.61783,0,0.004812274,0,0,Mar,2,2,2,2,Returning_Visitor,TRUE,FALSE
5,44.5,1,4,37,836.3333333,0.005,0.045416667,0,0,Mar,2,2,4,1,Returning_Visitor,FALSE,FALSE
6,125.5,0,0,19,1409.416667,0.002469136,0.023703704,0,0,Mar,1,8,3,2,Returning_Visitor,FALSE,FALSE
0,0,0,0,10,60.5,0.02,0.04,0,0,Mar,2,2,3,1,Returning_Visitor,FALSE,FALSE
2,42,2,54,10,420,0,0.008333333,0,0,Mar,2,2,8,1,Returning_Visitor,FALSE,FALSE
0,0,0,0,1,0,0.2,0.2,0,0,Mar,2,5,9,1,Returning_Visitor,FALSE,FALSE
0,0,0,0,2,0,0.2,0.2,0,0,Mar,2,5,1,1,Returning_Visitor,FALSE,FALSE
0,0,0,0,9,389,0,0.011111111,0,0,Mar,2,2,3,3,Returning_Visitor,TRUE,FALSE
2,95,0,0,15,449.5,0.0125,0.04375,0,0,Mar,2,2,4,1,Returning_Visitor,FALSE,FALSE
4,56.5,0,0,8,202.1666667,0,0.01,0,0,Mar,3,2,1,8,New_Visitor,TRUE,FALSE
0,0,0,0,2,17,0,0.1,0,0,Mar,1,1,8,3,Returning_Visitor,FALSE,FALSE
0,0,0,0,12,689.2857143,0,0.058333333,0,0,Mar,3,2,3,1,Returning_Visitor,TRUE,FALSE
5,134.9285714,2,41,31,2013.595238,0,0.014141414,8.482727273,0,Mar,2,2,8,2,Returning_Visitor,FALSE,TRUE
0,0,0,0,17,933.4166667,0.031932773,0.043075335,0,0,Mar,3,2,1,3,Returning_Visitor,FALSE,FALSE
2,64,0,0,19,371.2272727,0.001666667,0.029166667,0,0,Mar,2,4,9,10,Returning_Visitor,FALSE,FALSE
3,68,0,0,8,306,0,0.008888889,0,0,Mar,1,1,9,3,New_Visitor,TRUE,FALSE
2,20.5,0,0,21,719.7380952,0.004347826,0.010434783,0,0,Mar,2,2,1,3,Returning_Visitor,FALSE,FALSE
0,0,0,0,1,0,0.2,0.2,0,0,Mar,2,4,6,2,Returning_Visitor,FALSE,FALSE
0,0,0,0,2,56,0,0.1,0,0,Mar,3,2,1,1,Returning_Visitor,FALSE,FALSE
3,11.33333333,0,0,20,302.3888889,0,0.002380952,0,0,Mar,2,2,1,1,Returning_Visitor,FALSE,FALSE
0,0,0,0,19,491.6666667,0.011111111,0.012222222,0,0,Mar,1,1,1,6,Returning_Visitor,TRUE,FALSE
5,504,0,0,13,922.0833333,0.023529412,0.023529412,0,0,Mar,3,2,8,2,Returning_Visitor,FALSE,FALSE
2,25,0,0,20,667.9166667,0,0.00952381,18.5847619,0,Mar,4,1,1,3,Returning_Visitor,FALSE,FALSE
2,20,0,0,13,181.5,0,0.013333333,0,0,Mar,2,2,1,1,Returning_Visitor,FALSE,FALSE
1,19.66666667,0,0,14,512.1111111,0.028571429,0.03,0,0,Mar,3,2,3,9,Returning_Visitor,TRUE,FALSE
1,13,0,0,15,317,0,0.006666667,0,0,Mar,2,2,1,2,New_Visitor,TRUE,FALSE
0,0,0,0,17,85.66666667,0.023529412,0.080392157,0,0,Mar,2,2,6,1,Returning_Visitor,FALSE,FALSE
0,0,0,0,8,128.5,0,0.025,0,0,Mar,2,2,1,1,Returning_Visitor,FALSE,FALSE
6,76.33333333,0,0,7,78.83333333,0.004444444,0.010666667,0,0,Mar,2,2,8,2,Returning_Visitor,FALSE,FALSE
2,45.44444444,1,40.66666667,57,851.6426534,0,0.007923497,3.077836066,0,Mar,2,4,3,1,Returning_Visitor,TRUE,TRUE
3,31,0,0,58,1400.438961,0,0.005951036,0,0,Mar,2,2,1,1,Returning_Visitor,FALSE,FALSE
0,0,0,0,6,84,0,0.033333333,0,0,Mar,1,1,8,3,Returning_Visitor,FALSE,FALSE
0,0,0,0,12,167.2222222,0,0.001666667,0,0,Mar,3,2,1,3,Returning_Visitor,TRUE,FALSE
0,0,0,0,12,396.5,0,0.037222222,0,0,Mar,2,4,3,2,Returning_Visitor,FALSE,FALSE
0,0,0,0,2,22,0,0.05,0,0,Mar,1,1,3,15,Returning_Visitor,TRUE,FALSE
0,0,0,0,5,371,0,0.02,0,0,Mar,2,2,4,10,Returning_Visitor,FALSE,FALSE
0,0,4,399.3333333,46,1814.583333,0.003673469,0.02675737,0,0,Mar,2,2,2,2,Returning_Visitor,FALSE,FALSE
0,0,0,0,4,30.5,0,0.05,0,0,Mar,2,4,3,3,Returning_Visitor,FALSE,FALSE
0,0,0,0,27,644,0.007692308,0.051923077,0,0,Mar,3,2,2,3,Returning_Visitor,FALSE,FALSE
8,125.1666667,0,0,27,1802.25,0.006060606,0.011774152,0,0,Mar,3,2,1,8,Returning_Visitor,TRUE,FALSE
2,13,0,0,23,855.1666667,0.008,0.025333333,0,0,Mar,2,5,1,3,Returning_Visitor,FALSE,FALSE
1,72.66666667,4,345,24,879.9090909,0,0.035897436,6.482798269,0,Mar,2,4,4,1,Returning_Visitor,FALSE,TRUE
5,100.9166667,0,0,56,1432.223333,0,0.002185792,69.43043195,0,Mar,2,2,3,3,Returning_Visitor,TRUE,TRUE
7,60,3,23,111,2524.501905,0.001694915,0.018834175,6.445051499,0,Mar,3,2,1,2,Returning_Visitor,TRUE,FALSE
3,49.5,1,29.5,45,1545.5,0,0.004,20.97144,0,Mar,2,4,3,8,Returning_Visitor,TRUE,TRUE
8,466.5,2,75.25,44,1616.425824,0.006944444,0.010974434,0,0,Mar,3,2,4,1,Returning_Visitor,FALSE,FALSE
0,0,0,0,8,332,0,0.028571429,0,0,Mar,3,2,1,8,New_Visitor,TRUE,FALSE
0,0,0,0,1,40,0,0.1,0,0,Mar,3,2,1,10,Returning_Visitor,FALSE,FALSE
5,175.2307692,0,0,20,2224.85,0.004347826,0.023913043,0,0,Mar,4,2,8,1,Returning_Visitor,FALSE,FALSE
6,96.85714286,0,0,28,672.5452381,0,0.020707071,19.71468924,0,Mar,1,1,2,10,Returning_Visitor,FALSE,TRUE
0,0,0,0,6,551,0.033333333,0.05,0,0,Mar,1,1,3,1,Returning_Visitor,FALSE,FALSE
19,402.1857143,4,116,64,3179.354257,0.002531646,0.016289934,4.642,0,Mar,2,2,2,2,Returning_Visitor,FALSE,TRUE
0,0,0,0,10,203,0,0.026666667,0,0,Mar,3,2,2,3,Returning_Visitor,FALSE,FALSE
4,178.2,0,0,9,368.2,0.02,0.05,0,0,Mar,3,2,8,3,Returning_Visitor,TRUE,FALSE
7,156.5,1,122,26,694.7121212,0,0.00297619,0,0,Mar,2,4,1,2,Returning_Visitor,FALSE,FALSE
5,58,0,0,10,657.2619048,0,0.004166667,0,0,Mar,1,1,2,2,New_Visitor,FALSE,FALSE
0,0,0,0,7,974.6666667,0.085714286,0.128571429,0,0,Mar,2,2,1,10,Returning_Visitor,FALSE,FALSE
1,43,0,0,43,1223.347222,0,0.004545455,0,0,Mar,1,1,3,2,Returning_Visitor,FALSE,FALSE
0,0,0,0,10,276,0.044444444,0.055555556,0,0,Mar,3,2,3,10,Returning_Visitor,FALSE,FALSE
0,0,1,844,6,1108,0.066666667,0.066666667,0,0,Mar,2,2,4,2,Returning_Visitor,FALSE,FALSE
0,0,0,0,7,223,0,0.028571429,0,0,Mar,1,1,1,1,Returning_Visitor,FALSE,FALSE
0,0,0,0,3,261,0,0.066666667,0,0,Mar,2,5,1,10,Returning_Visitor,FALSE,FALSE
0,0,0,0,21,1372.7,0.019047619,0.035714286,0,0,Mar,1,1,3,1,Returning_Visitor,FALSE,FALSE
2,306,0,0,14,964.5,0,0.030952381,0,0,Mar,2,2,4,1,Returning_Visitor,FALSE,FALSE
3,72,1,0,38,461.5,0.01,0.023666667,0,0,Mar,2,2,3,2,Returning_Visitor,FALSE,FALSE
0,0,0,0,4,41,0.05,0.1,0,0,Mar,3,2,2,1,Returning_Visitor,FALSE,FALSE
1,202,0,0,2,8,0,0.066666667,0,0,Mar,2,2,8,6,New_Visitor,FALSE,FALSE
0,0,0,0,1,0,0.2,0.2,0,0,Mar,1,1,3,3,Returning_Visitor,FALSE,FALSE
0,0,0,0,7,39.25,0.028571429,0.034285714,0,0,Mar,2,2,1,2,Returning_Visitor,FALSE,FALSE
4,359.3,4,407,69,5485.105556,0.010526316,0.017493734,4.494741228,0,Mar,1,1,2,1,Returning_Visitor,TRUE,TRUE
0,0,0,0,8,450,0,0.025,0,0,Mar,4,1,9,3,Returning_Visitor,TRUE,FALSE
0,0,0,0,1,0,0.2,0.2,0,0,Mar,1,1,2,1,Returning_Visitor,FALSE,FALSE
0,0,0,0,20,438.3333333,0.02,0.04,0,0,Mar,2,2,7,1,Returning_Visitor,FALSE,FALSE
1,39,0,0,15,787,0,0.021875,0,0,Mar,4,1,1,10,Returning_Visitor,FALSE,FALSE
0,0,0,0,1,0,0.2,0.2,0,0,Mar,2,4,1,3,Returning_Visitor,FALSE,FALSE
0,0,0,0,6,319,0,0.05,0,0,Mar,1,1,6,1,Returning_Visitor,TRUE,FALSE
0,0,0,0,15,1148,0.014285714,0.05,0,0,Mar,3,2,1,3,Returning_Visitor,FALSE,FALSE
2,41.5,2,60.5,21,534.5,0.004347826,0.02173913,0,0,Mar,2,2,2,13,Returning_Visitor,TRUE,FALSE
0,0,0,0,20,644.4,0,0.007777778,0,0,Mar,1,1,7,3,Returning_Visitor,FALSE,FALSE
0,0,0,0,14,875,0,0.014285714,0,0,Mar,1,1,1,3,Returning_Visitor,TRUE,FALSE
2,123,0,0,7,873,0,0.011111111,0,0,Mar,1,2,2,2,Returning_Visitor,FALSE,FALSE
3,42,0,0,31,3121.369048,0.002857143,0.009285714,0,0,Mar,1,1,3,1,Returning_Visitor,TRUE,FALSE
0,0,1,81,82,3214.020563,0,0.007723577,4.667079268,0,Mar,3,3,2,10,Returning_Visitor,FALSE,TRUE
0,0,0,0,3,14,0,0.066666667,0,0,Mar,4,1,3,3,Returning_Visitor,FALSE,FALSE
1,22,0,0,52,1551.666667,0.001818182,0.019393939,7.882377258,0,Mar,1,1,3,2,Returning_Visitor,FALSE,FALSE
2,95.5,0,0,13,334.5,0,0.002666667,0,0,Mar,3,2,1,8,New_Visitor,FALSE,FALSE
2,48.66666667,0,0,48,3726.333333,0,0.004166667,0,0,Mar,3,2,1,9,Returning_Visitor,TRUE,FALSE
5,294.7,6,329.5,59,2816.781781,0.003214696,0.014766169,2.346800426,0,Mar,2,2,4,1,Returning_Visitor,FALSE,FALSE
0,0,0,0,38,667.1666667,0,0.005263158,0,0,Mar,2,2,4,1,Returning_Visitor,TRUE,FALSE
1,0,0,0,41,1202.904762,0.011529933,0.033252033,0,0,Mar,2,2,2,13,Returning_Visitor,FALSE,FALSE
0,0,0,0,3,0,0.2,0.2,0,0,Mar,1,8,2,1,Returning_Visitor,FALSE,FALSE
0,0,0,0,20,1117.333333,0,0.000956938,0,0,Mar,2,4,7,2,Returning_Visitor,FALSE,FALSE
0,0,0,0,9,211,0,0.044444444,0,0,Mar,2,2,3,2,Returning_Visitor,FALSE,FALSE
3,125,1,70,29,705.4,0,0.015625,0,0,Mar,2,2,1,1,Returning_Visitor,FALSE,FALSE
3,12,1,24,3,5.333333333,0.033333333,0.083333333,0,0,Mar,2,2,1,3,Returning_Visitor,FALSE,FALSE
1,10.5,0,0,7,525,0,0.00952381,0,0,Mar,2,4,4,8,Returning_Visitor,FALSE,FALSE
0,0,0,0,13,635.3333333,0,0.009090909,0,0,Mar,2,2,4,1,Returning_Visitor,FALSE,FALSE
0,0,0,0,50,1803.768849,0.001360544,0.017428305,3.609398514,0,Mar,2,4,7,3,Returning_Visitor,TRUE,TRUE
3,99,0,0,37,2419.133333,0.007894737,0.023245614,0,0,Mar,2,2,3,1,Returning_Visitor,FALSE,FALSE
6,171.0833333,0,0,28,952.2857143,0,0.013333333,52.10818182,0,Mar,2,2,1,2,Returning_Visitor,FALSE,TRUE
7,159.5,0,0,14,249,0.011764706,0.041176471,0,0,Mar,1,1,3,2,Returning_Visitor,TRUE,FALSE
1,5,0,0,13,271,0,0.003571429,0,0,Mar,1,1,2,2,New_Visitor,TRUE,FALSE
5,206,0,0,15,650.6961927,0,0.018487395,0,0,Mar,1,1,1,3,New_Visitor,FALSE,FALSE
2,40,2,162,17,481.6666667,0.024561404,0.036842105,32.64521053,0,Mar,2,7,3,2,Returning_Visitor,FALSE,FALSE
0,0,0,0,7,258.5,0.028571429,0.071428571,0,0,Mar,3,2,6,1,Returning_Visitor,FALSE,FALSE
0,0,0,0,14,510.5,0,0.015384615,31.3094364,0,Mar,2,2,1,2,New_Visitor,FALSE,TRUE
0,0,0,0,16,600.75,0,0.025,0,0,Mar,2,2,2,2,Returning_Visitor,FALSE,FALSE
6,262.25,3,298,49,2302.021242,0.000308642,0.026591844,43.3616369,0,Mar,1,1,1,2,Returning_Visitor,FALSE,TRUE
2,44,0,0,26,1636.016667,0.007692308,0.021794872,0,0,Mar,2,6,1,1,Returning_Visitor,FALSE,FALSE
0,0,0,0,16,519.75,0.0125,0.04,0,0,Mar,3,2,3,3,Returning_Visitor,FALSE,FALSE
0,0,0,0,1,0,0.2,0.2,0,0,Mar,1,1,1,3,Returning_Visitor,FALSE,FALSE
0,0,0,0,11,673,0.018181818,0.063636364,0,0,Mar,2,6,1,1,Returning_Visitor,FALSE,FALSE
0,0,0,0,4,173.5,0,0.05,0,0,Mar,3,3,4,3,Returning_Visitor,TRUE,FALSE
0,0,0,0,16,156.5333333,0,0.04375,0,0,Mar,2,4,1,3,Returning_Visitor,FALSE,FALSE
0,0,0,0,21,574.5333333,0,0.011578947,0,0,Mar,2,2,3,1,Returning_Visitor,FALSE,FALSE
2,62.5,0,0,17,548.3333333,0,0.031372549,0,0,Mar,2,2,1,2,Returning_Visitor,FALSE,FALSE
15,937.1746032,3,357,109,6682.677557,0.000833333,0.005345441,2.526616865,0,Mar,1,2,3,2,Returning_Visitor,FALSE,FALSE
2,48,0,0,51,1671.375,0.001098901,0.016433566,0,0,Mar,2,2,1,6,Returning_Visitor,TRUE,FALSE
0,0,0,0,11,1390.166667,0.012121212,0.014545455,0,0,Mar,1,1,1,3,Returning_Visitor,TRUE,FALSE
6,437.3913043,2,235.55,83,2503.881781,0.002197802,0.004916136,2.086218493,0,Mar,2,2,3,2,Returning_Visitor,FALSE,TRUE
7,159.3333333,0,0,24,520.6666667,0,0.006666667,0,0,Mar,2,10,4,3,New_Visitor,TRUE,FALSE
0,0,0,0,1,0,0.2,0.2,0,0,Mar,2,2,4,1,Returning_Visitor,FALSE,FALSE
2,32.5,0,0,19,423.8166667,0.005952381,0.039104938,0,0,Mar,3,2,1,3,Returning_Visitor,FALSE,FALSE
0,0,2,30,11,1114.916667,0,0.030769231,0,0,Mar,3,2,1,3,Returning_Visitor,FALSE,FALSE
11,212.7416667,3,104,71,1678.905125,0,0.016037881,8.600043095,0,Mar,3,2,8,13,Returning_Visitor,TRUE,FALSE
0,0,0,0,29,438.8666667,0,0.020689655,0,0,Mar,4,2,3,1,Returning_Visitor,TRUE,FALSE
3,16.33333333,0,0,23,505.5833333,0.008,0.03,9.15008,0,Mar,4,1,1,2,Returning_Visitor,FALSE,TRUE
0,0,0,0,9,76,0.022222222,0.055555556,0,0,Mar,2,2,6,1,Returning_Visitor,FALSE,FALSE
0,0,0,0,7,203.5,0,0.033333333,0,0,Mar,1,1,1,9,New_Visitor,TRUE,FALSE
4,130,0,0,28,818.7916667,0,0.003448276,0,0,Mar,2,2,1,2,New_Visitor,FALSE,FALSE
4,15,1,17,17,490,0,0.027272727,15.66445171,0,Mar,2,2,4,10,Returning_Visitor,FALSE,TRUE
0,0,1,0,12,645.9166667,0,0.05,0,0,Mar,1,1,1,2,Returning_Visitor,FALSE,FALSE
0,0,0,0,8,142,0,0.05,0,0,Mar,2,7,2,3,Returning_Visitor,FALSE,FALSE
0,0,0,0,6,25,0,0.033333333,0,0,Mar,2,2,1,2,Returning_Visitor,FALSE,FALSE
2,44,0,0,16,672.5,0.005555556,0.025925926,0,0,Mar,2,2,4,2,Returning_Visitor,TRUE,FALSE
9,140.5,0,0,35,1090.490476,0.013675214,0.016892552,0,0,Mar,1,1,3,2,Returning_Visitor,TRUE,FALSE
0,0,0,0,3,30,0,0.066666667,0,0,Mar,2,2,1,1,Returning_Visitor,FALSE,FALSE
0,0,0,0,13,244.1666667,0,0.030769231,0,0,Mar,2,5,3,3,Returning_Visitor,FALSE,FALSE
0,0,0,0,13,129.5,0.061538462,0.092307692,0,0,Mar,1,8,1,1,Returning_Visitor,FALSE,FALSE
4,56,1,88,22,1734.780952,0,0.010142857,0,0,Mar,3,2,3,9,Returning_Visitor,TRUE,FALSE
3,281,0,0,6,145,0,0.025,0,0,Mar,3,2,8,8,New_Visitor,FALSE,FALSE
2,88,0,0,16,1106.333333,0.025,0.053125,0,0,Mar,1,1,3,3,Returning_Visitor,FALSE,FALSE
1,0,0,0,17,684.9166667,0.015686275,0.049411765,0,0,Mar,2,6,4,1,Returning_Visitor,TRUE,FALSE
9,110.4090909,1,51,62,3120.211102,0.00056338,0.017396907,7.891171006,0,Mar,2,2,1,10,Returning_Visitor,FALSE,FALSE
0,0,0,0,12,1178.666667,0.024242424,0.053030303,0,0,Mar,1,1,6,3,Returning_Visitor,FALSE,FALSE
0,0,0,0,3,58,0,0.066666667,0,0,Mar,1,8,4,11,Returning_Visitor,FALSE,FALSE
10,316.1405025,7,321.6666667,287,12983.78771,0.000668896,0.006998399,1.088158231,0,Mar,2,4,3,8,New_Visitor,FALSE,FALSE
0,0,0,0,6,139,0,0.01,0,0,Mar,1,2,1,8,New_Visitor,FALSE,FALSE
2,27,0,0,6,558,0,0.0125,0,0,Mar,2,2,3,8,New_Visitor,FALSE,FALSE
3,74,2,26,53,893.5111111,0.003571429,0.005357143,44.61199852,0,Mar,1,1,4,9,Returning_Visitor,TRUE,TRUE
0,0,0,0,5,26.5,0.04,0.12,0,0,Mar,1,1,3,1,Returning_Visitor,FALSE,FALSE
0,0,0,0,2,0,0.2,0.2,0,0,Mar,2,2,1,3,Returning_Visitor,FALSE,FALSE
0,0,0,0,3,0,0.2,0.2,0,0,Mar,3,2,6,3,Returning_Visitor,FALSE,FALSE
1,0,1,0,15,708.5333333,0,0.04,54.85543,0,Mar,2,4,3,2,Returning_Visitor,FALSE,FALSE
0,0,0,0,8,244,0.025,0.075,0,0,Mar,3,2,1,3,Returning_Visitor,FALSE,FALSE
2,140,0,0,6,130,0,0.025,0,0,Mar,1,1,4,2,New_Visitor,TRUE,FALSE
3,119,0,0,41,1282.5,0,0.007142857,0,0,Mar,2,6,2,2,New_Visitor,FALSE,FALSE
7,301.7,6,336.5,42,1981.016667,0.005660377,0.021383648,13.00183962,0,Mar,1,1,2,2,Returning_Visitor,TRUE,TRUE
0,0,0,0,8,186.5,0,0.025,0,0,Mar,2,2,3,3,Returning_Visitor,TRUE,FALSE
0,0,0,0,6,119,0,0.033333333,0,0,Mar,3,2,7,1,Returning_Visitor,TRUE,FALSE
0,0,0,0,22,1310.5,0.00952381,0.028571429,23.86359286,0,Mar,2,2,1,1,Returning_Visitor,FALSE,TRUE
0,0,0,0,4,1111,0,0.05,0,0,Mar,4,5,1,1,Returning_Visitor,FALSE,FALSE
6,113.5,0,0,18,1066.5,0,0.005072464,0,0,Mar,2,2,7,2,New_Visitor,FALSE,FALSE
3,421,0,0,4,110.5,0,0.011111111,0,0,Mar,3,2,8,2,New_Visitor,TRUE,FALSE
2,115,0,0,5,36,0,0.033333333,0,0,Mar,1,1,3,11,Returning_Visitor,FALSE,FALSE
0,0,2,76.5,22,850.5333333,0.004545455,0.03446281,0,0,Mar,3,2,3,1,Returning_Visitor,FALSE,FALSE
0,0,0,0,3,16,0.033333333,0.1,0,0,Mar,2,6,1,3,Returning_Visitor,FALSE,FALSE
1,9,0,0,5,49,0,0.05,0,0,Mar,2,2,8,1,Returning_Visitor,FALSE,FALSE
0,0,0,0,10,214.25,0,0.025,0,0,Mar,3,2,2,1,Returning_Visitor,FALSE,FALSE
0,0,0,0,3,0,0.2,0.2,0,0,Mar,1,1,3,1,Returning_Visitor,FALSE,FALSE
0,0,0,0,7,141.8333333,0.064285714,0.15,0,0,Mar,2,2,1,1,Returning_Visitor,FALSE,FALSE
0,0,0,0,5,143.5,0,0.04,0,0,Mar,2,5,3,3,Returning_Visitor,FALSE,FALSE
0,0,0,0,51,5818.916667,0.000980392,0.022984749,0,0,Mar,2,2,1,1,Returning_Visitor,FALSE,FALSE
2,208,1,50,30,1461.666667,0,0.02125,0,0,Mar,2,5,1,3,Returning_Visitor,FALSE,FALSE
0,0,0,0,13,123,0,0.020833333,0,0,Mar,2,2,1,3,Returning_Visitor,FALSE,FALSE
5,193,1,13,66,2049.458471,0.004489796,0.012765306,29.45815149,0,Mar,3,2,3,1,Returning_Visitor,TRUE,FALSE
1,3,0,0,11,271.7166667,0,0.016666667,0,0,Mar,4,1,3,2,Returning_Visitor,TRUE,FALSE
4,87.5,1,20,36,1279.166667,0,0.010810811,0,0,Mar,2,2,1,6,Returning_Visitor,FALSE,FALSE
0,0,0,0,4,0,0.2,0.2,0,0,Mar,1,2,1,1,Returning_Visitor,FALSE,FALSE
0,0,0,0,4,70.5,0.05,0.1,0,0,Mar,3,2,4,3,Returning_Visitor,FALSE,FALSE
5,42.18181818,0,0,12,231.1818182,0,0.01,0,0,Mar,2,2,1,2,New_Visitor,TRUE,FALSE
3,132.5,0,0,36,1567.966667,0,0.007207207,0,0,Mar,3,3,2,8,Returning_Visitor,TRUE,FALSE
7,163.6666667,0,0,8,119.3333333,0.015384615,0.023076923,0,0,Mar,3,2,6,11,New_Visitor,TRUE,FALSE
2,83,0,0,15,605.8857143,0,0.005882353,0,0,Mar,1,1,3,2,Returning_Visitor,TRUE,FALSE
5,117.8333333,0,0,35,502.547619,0.01025641,0.036923077,3.148615385,0,Mar,2,2,2,2,Returning_Visitor,FALSE,TRUE
3,95,0,0,27,808.7,0.006896552,0.010344828,0,0,Mar,3,2,7,3,Returning_Visitor,TRUE,FALSE
0,0,0,0,3,58,0,0.066666667,0,0,Mar,1,1,1,10,Returning_Visitor,FALSE,FALSE
3,60,0,0,19,494.5,0,0.01,0,0,Mar,1,1,3,9,Returning_Visitor,TRUE,FALSE
0,0,0,0,6,203.15,0,0.051111111,0,0,Mar,2,2,7,2,Returning_Visitor,FALSE,FALSE
5,55.5,0,0,63,1656.316667,0.004166667,0.015989583,0,0,Mar,2,2,2,2,Returning_Visitor,TRUE,FALSE
0,0,0,0,32,1420.25,0.00625,0.027083333,0,0,Mar,4,2,1,1,Returning_Visitor,FALSE,FALSE
8,160.5,2,1467,26,721,0,0.031029186,0,0,Mar,2,2,1,1,Returning_Visitor,FALSE,FALSE
4,64.33333333,1,13,27,1433.916667,0,0.018226601,3.691344828,0,Mar,1,4,1,8,New_Visitor,FALSE,TRUE
4,73.33333333,0,0,17,478.8333333,0,0.00877193,0,0,Mar,1,1,3,2,Returning_Visitor,FALSE,FALSE
0,0,0,0,7,182,0.028571429,0.071428571,0,0,Mar,3,2,1,13,Returning_Visitor,TRUE,FALSE
9,215.2333333,5,450,35,1974.352381,0.004761905,0.018866213,15.32910159,0,Mar,2,2,3,2,Returning_Visitor,FALSE,FALSE
4,81.5,0,0,12,223.5833333,0,0.002666667,0,0,Mar,1,1,1,3,Returning_Visitor,FALSE,FALSE
0,0,1,26,15,817.4166667,0.026666667,0.038222222,0,0,Mar,2,2,6,1,Returning_Visitor,FALSE,FALSE
7,201.5,0,0,17,750.1666667,0,0.005555556,0,0,Mar,3,2,4,2,Returning_Visitor,FALSE,FALSE
0,0,0,0,2,13,0.1,0.1,0,0,Mar,1,1,2,1,Returning_Visitor,TRUE,FALSE
8,492.4166667,4,384,52,4699.277778,0.007258065,0.018233487,11.1076505,0,Mar,2,2,1,2,Returning_Visitor,FALSE,TRUE
7,146.25,0,0,42,1030.266667,0,0.008695652,0,0,Mar,2,2,1,2,New_Visitor,FALSE,FALSE
5,156.2690476,4,90,35,776.0190476,0,0.005714286,0,0,Mar,3,2,4,2,Returning_Visitor,FALSE,FALSE
0,0,0,0,3,558,0,0.066666667,0,0,Mar,4,1,3,1,Returning_Visitor,FALSE,FALSE
4,13.61904762,0,0,27,520.3333333,0,0.020322581,8.497935484,0,Mar,3,2,4,2,Returning_Visitor,TRUE,FALSE
0,0,0,0,8,349.5,0,0.028571429,25.188,0,Mar,1,2,1,8,New_Visitor,FALSE,TRUE
2,14,0,0,31,754.5,0,0.00625,0,0,Mar,2,2,1,8,Returning_Visitor,TRUE,FALSE
0,0,0,0,13,305,0,0.016666667,0,0,Mar,1,1,1,2,New_Visitor,FALSE,FALSE
0,0,0,0,21,399.8511905,0,0.023933659,0,0,Mar,3,2,1,1,Returning_Visitor,FALSE,FALSE
1,12,0,0,6,74,0,0.028571429,0,0,Mar,1,1,1,10,Returning_Visitor,FALSE,FALSE
6,352.5,0,0,21,696.6666667,0,0.0125,75.06781572,0,Mar,2,2,6,10,New_Visitor,TRUE,TRUE
0,0,0,0,3,59,0,0.033333333,0,0,Mar,3,2,1,1,Returning_Visitor,FALSE,FALSE
0,0,0,0,3,50,0,0.033333333,0,0,Mar,2,2,1,2,Returning_Visitor,FALSE,FALSE
5,92.75,1,74.75,84,2756.215152,0,0.002462121,0,0,Mar,2,2,9,3,New_Visitor,TRUE,FALSE
0,0,0,0,12,425.1666667,0,0.016666667,0,0,Mar,1,1,6,10,Returning_Visitor,FALSE,FALSE
0,0,0,0,78,1781.69697,0.003205128,0.015811966,0,0,Mar,2,2,8,3,Returning_Visitor,FALSE,FALSE
3,168,0,0,7,296.1666667,0,0.011111111,0,0,Mar,2,2,3,2,New_Visitor,FALSE,FALSE
0,0,0,0,1,0,0.2,0.2,0,0,Mar,2,4,1,1,Returning_Visitor,TRUE,FALSE
5,179.5,0,0,36,1792.8,0,0.004390244,0,0,Mar,2,2,3,10,Returning_Visitor,FALSE,FALSE
0,0,0,0,1,0,0.2,0.2,0,0,Mar,3,2,3,1,Returning_Visitor,FALSE,FALSE
8,274.5,0,0,24,515.5757576,0,0.003703704,0,0,Mar,3,2,2,2,Returning_Visitor,TRUE,FALSE
3,64.5,0,0,35,1334.551371,0,0.007309582,0,0,Mar,3,2,4,2,Returning_Visitor,TRUE,FALSE
0,0,0,0,6,64,0.1,0.133333333,0,0,Mar,4,1,1,1,Returning_Visitor,FALSE,FALSE
1,4,2,102,31,624.5833333,0.016216216,0.031531532,8.708324324,0,Mar,2,2,3,13,Returning_Visitor,TRUE,FALSE
9,171.6666667,3,109.75,41,1284.663492,0.016326531,0.032653061,21.22386735,0,Mar,2,2,1,1,Returning_Visitor,FALSE,FALSE
0,0,0,0,10,316.5,0,0.025,17.538,0,Mar,2,4,1,8,New_Visitor,TRUE,TRUE
0,0,0,0,22,925.8333333,0.018181818,0.048484848,0,0,Mar,2,2,3,1,Returning_Visitor,FALSE,FALSE
0,0,0,0,7,97,0.057142857,0.1,0,0,Mar,2,2,4,1,Returning_Visitor,FALSE,FALSE
1,0,0,0,1,28,0,0.1,0,0,Mar,2,2,1,1,Returning_Visitor,FALSE,FALSE
9,311.9166667,0,0,40,633.4,0.002272727,0.017954545,0,0,Mar,2,2,1,3,Returning_Visitor,FALSE,FALSE
1,98.5,0,0,5,436.5,0,0.016666667,0,0,Mar,7,1,1,2,New_Visitor,TRUE,FALSE
9,867.922619,0,0,137,3909.36829,0,0.005055944,9.930187005,0,Mar,2,2,6,2,Returning_Visitor,FALSE,FALSE
3,147,0,0,3,24,0,0.02,0,0,Mar,3,2,7,1,Returning_Visitor,FALSE,FALSE
2,27,0,0,18,915.1666667,0.021052632,0.036842105,0,0,Mar,2,2,4,1,Returning_Visitor,FALSE,FALSE
3,106.75,0,0,5,137.3333333,0,0.005,0,0,Mar,3,2,1,2,New_Visitor,TRUE,FALSE
0,0,0,0,5,95,0.04,0.12,0,0,Mar,2,2,1,1,Returning_Visitor,FALSE,FALSE
0,0,0,0,1,0,0.2,0.2,0,0,Mar,1,1,2,1,Returning_Visitor,FALSE,FALSE
0,0,0,0,24,778.1666667,0,0.0125,0,0,Mar,2,2,1,2,Returning_Visitor,FALSE,FALSE
1,55,1,47,47,1842.95,0,0.01257764,0,0,Mar,2,2,6,1,Returning_Visitor,FALSE,FALSE
0,0,0,0,27,1206,0.016,0.032,0,0,Mar,2,2,1,1,Returning_Visitor,FALSE,FALSE
0,0,0,0,9,324.5,0.014814815,0.022222222,0,0,Mar,1,2,6,1,Returning_Visitor,FALSE,FALSE
5,241.6666667,5,229,38,1054.944444,0.010869565,0.014565217,8.224168543,0,Mar,2,4,3,2,Returning_Visitor,TRUE,FALSE
0,0,0,0,12,402.1666667,0.041666667,0.065,0,0,Mar,3,2,2,1,Returning_Visitor,FALSE,FALSE
1,47,0,0,5,388,0,0.04,31.188,0,Mar,1,1,7,3,Returning_Visitor,TRUE,TRUE
0,0,0,0,1,0,0.2,0.2,0,0,Mar,3,2,3,11,Returning_Visitor,FALSE,FALSE
3,35,0,0,16,352,0,0.011764706,0,0,Mar,2,2,2,1,Returning_Visitor,FALSE,FALSE
0,0,0,0,11,194,0,0.018181818,0,0,Mar,2,2,6,1,Returning_Visitor,FALSE,FALSE
0,0,0,0,15,751.8,0.026666667,0.04,0,0,Mar,1,2,2,1,Returning_Visitor,FALSE,FALSE
0,0,0,0,9,465.5,0.006666667,0.056666667,43.79717364,0,Mar,2,2,1,1,Returning_Visitor,FALSE,FALSE
0,0,0,0,25,585,0,0.016,0,0,Mar,4,1,1,3,Returning_Visitor,FALSE,FALSE
0,0,0,0,10,253.5,0,0.022222222,63.588,0,Mar,1,1,1,2,New_Visitor,TRUE,TRUE
3,33,2,84.5,4,46.5,0,0.010666667,0,0,Mar,2,2,5,8,New_Visitor,FALSE,FALSE
3,152.5,5,243.5,43,3065.945238,0,0.011666667,3.31108,0,Mar,1,2,1,1,Returning_Visitor,TRUE,TRUE
11,828.0526316,6,389.3666667,57,2099.930554,0.003333333,0.009142857,3.29868,0,Mar,2,2,1,2,Returning_Visitor,FALSE,FALSE
0,0,0,0,2,30,0,0.05,0,0,Mar,3,2,1,9,Returning_Visitor,TRUE,FALSE
0,0,0,0,3,52,0,0.066666667,0,0,Mar,2,5,8,3,Returning_Visitor,TRUE,FALSE
4,162,3,75.5,4,158.5,0,0.016666667,0,0,Mar,2,4,1,10,Returning_Visitor,FALSE,FALSE
4,539.5,0,0,1,0,0,0.05,0,0,Mar,3,2,8,8,New_Visitor,FALSE,FALSE
0,0,0,0,9,250.5,0,0.044444444,0,0,Mar,3,2,7,1,Returning_Visitor,TRUE,FALSE
4,120.5,0,0,66,3960.646154,0.002941176,0.013663064,0,0,Mar,2,4,1,1,Returning_Visitor,FALSE,FALSE
0,0,0,0,9,280,0,0.022222222,0,0,Mar,2,2,1,2,Returning_Visitor,FALSE,FALSE
0,0,0,0,13,281.547619,0.003846154,0.017307692,0,0,Mar,1,1,2,2,Returning_Visitor,TRUE,FALSE
1,12,0,0,13,2004.5,0.028571429,0.04047619,0,0,Mar,1,1,6,2,Returning_Visitor,TRUE,FALSE
12,285.0119048,0,0,53,967.210697,0.000892857,0.033208874,0,0,Mar,2,2,3,1,Returning_Visitor,FALSE,FALSE
0,0,0,0,6,100,0,0.033333333,0,0,Mar,2,2,4,6,Returning_Visitor,TRUE,FALSE
10,198.5,2,158,6,73.21428571,0,0.02,0,0,Mar,1,1,1,2,Returning_Visitor,FALSE,FALSE
4,224,1,32,20,789.35,0,0.002721088,0,0,Mar,1,2,4,2,Returning_Visitor,FALSE,FALSE
0,0,0,0,30,1281,0.006666667,0.02,0,0,Mar,2,4,2,1,Returning_Visitor,FALSE,FALSE
4,162.5,2,44.5,20,1115.266667,0,0.020661157,0,0,Mar,1,2,3,10,Returning_Visitor,FALSE,FALSE
0,0,0,0,1,0,0.2,0.2,0,0,Mar,3,2,2,1,Returning_Visitor,FALSE,FALSE
2,77.5,3,92,18,341.2916667,0,0.009090909,0,0,Mar,1,1,1,2,New_Visitor,TRUE,FALSE
6,192.5,0,0,113,3000.666667,0.003478261,0.005217391,0,0,Mar,2,2,3,2,Returning_Visitor,FALSE,FALSE
6,148.8,4,81.33333333,29,1715.687897,0.010909091,0.027138047,0,0,Mar,2,2,9,1,Returning_Visitor,FALSE,FALSE
0,0,0,0,8,607,0.0375,0.0625,0,0,Mar,1,1,1,3,Returning_Visitor,FALSE,FALSE
0,0,0,0,2,31,0,0.05,0,0,Mar,2,2,7,2,Returning_Visitor,FALSE,FALSE
0,0,0,0,16,1027.657143,0.0125,0.01875,0,0,Mar,1,1,1,3,Returning_Visitor,FALSE,FALSE
0,0,0,0,1,0,0.2,0.2,0,0,Mar,2,2,7,10,Returning_Visitor,FALSE,FALSE
0,0,0,0,8,196.5,0,0.025,0,0,Mar,2,2,1,10,Returning_Visitor,FALSE,FALSE
4,1521,2,64,30,2284.687302,0.019354839,0.042741935,2.304322581,0,Mar,2,2,1,1,Returning_Visitor,FALSE,FALSE
13,112.2666667,0,0,49,1503.490909,0,0.003508772,0,0,Mar,2,2,2,2,New_Visitor,FALSE,FALSE
0,0,0,0,1,0,0.2,0.2,0,0,Mar,2,2,1,10,Returning_Visitor,FALSE,FALSE
3,150,0,0,12,271.3333333,0,0.014285714,0,0,Mar,1,1,4,2,New_Visitor,FALSE,FALSE
0,0,0,0,6,97.33333333,0,0.041666667,0,0,Mar,1,2,1,2,Returning_Visitor,TRUE,FALSE
0,0,0,0,5,161.3333333,0,0.05,0,0,Mar,1,1,1,3,Returning_Visitor,FALSE,FALSE
0,0,4,32.5,7,67,0,0.022222222,0,0,Mar,2,2,1,8,New_Visitor,FALSE,FALSE
0,0,0,0,34,1006.257576,0,0.015196078,0,0,Mar,2,2,7,3,Returning_Visitor,FALSE,FALSE
4,167.5,0,0,22,869.9,0,0.026388889,33.53327578,0,Mar,2,6,4,10,Returning_Visitor,FALSE,TRUE
4,57,1,0,19,479.8666667,0,0.018181818,0,0,Mar,4,2,1,2,Returning_Visitor,FALSE,FALSE
5,345,0,0,7,229.5,0.03,0.026666667,0,0,Mar,3,2,4,2,Returning_Visitor,FALSE,FALSE
0,0,0,0,1,0,0.2,0.2,0,0,Mar,1,1,7,2,Returning_Visitor,TRUE,FALSE
0,0,0,0,20,606,0,0.011111111,0,0,Mar,2,2,6,1,Returning_Visitor,FALSE,FALSE
11,267.1666667,0,0,39,881.4416667,0.004166667,0.011458333,20.11751289,0,Mar,2,2,3,1,New_Visitor,FALSE,FALSE
0,0,0,0,1,0,0.2,0.2,0,0,Mar,3,2,3,9,Returning_Visitor,TRUE,FALSE
3,123,0,0,8,371.6666667,0,0.011111111,0,0,Mar,3,2,4,2,New_Visitor,FALSE,FALSE
0,0,0,0,1,0,0.2,0.2,0,0,Mar,2,2,1,1,Returning_Visitor,FALSE,FALSE
3,1373.5,0,0,43,2798.07381,0,0.010971006,2.915511628,0,Mar,2,6,2,3,Returning_Visitor,FALSE,FALSE
5,29,0,0,4,12,0,0.033333333,0,0,Mar,4,1,1,8,New_Visitor,TRUE,FALSE
0,0,0,0,42,1185.666667,0,0.004761905,0,0,Mar,2,2,1,1,Returning_Visitor,FALSE,FALSE
0,0,0,0,2,60,0,0.05,0,0,Mar,3,2,3,1,Returning_Visitor,FALSE,FALSE
8,29.5,0,0,89,6770.274267,0.006315789,0.030125313,0,0,Mar,2,2,3,1,Returning_Visitor,FALSE,FALSE
0,0,0,0,5,337.25,0,0.02,0,0,Mar,2,2,2,10,Returning_Visitor,FALSE,FALSE
0,0,0,0,13,323.9166667,0,0.008333333,35.8370931,0,Mar,1,1,4,10,Returning_Visitor,FALSE,TRUE
5,79.33333333,3,242.0555556,17,1142.816919,0.006818182,0.018519814,62.16886364,0,Mar,3,2,6,2,Returning_Visitor,FALSE,FALSE
0,0,0,0,1,0,0.2,0.2,0,0,Mar,3,2,3,3,Returning_Visitor,FALSE,FALSE
0,0,0,0,4,148.5,0.05,0.083333333,0,0,Mar,1,1,1,1,Returning_Visitor,TRUE,FALSE
3,16,0,0,11,207,0,0.015384615,0,0,Mar,2,2,2,3,Returning_Visitor,FALSE,FALSE
0,0,0,0,2,11,0,0.1,0,0,Mar,4,2,2,10,Returning_Visitor,FALSE,FALSE
0,0,0,0,6,53,0,0.06,0,0,Mar,2,2,7,3,Returning_Visitor,TRUE,FALSE
2,33,0,0,9,354,0,0.02,0,0,Mar,3,2,1,3,New_Visitor,FALSE,FALSE
3,139,0,0,10,277.1428571,0,0.007692308,0,0,Mar,3,2,1,2,Returning_Visitor,TRUE,FALSE
2,47,0,0,17,411.625,0,0.023529412,0,0,Mar,2,2,4,3,Returning_Visitor,FALSE,FALSE
0,0,0,0,16,392.1428571,0.00625,0.027205882,0,0,Mar,3,2,1,2,Returning_Visitor,FALSE,FALSE
1,54.5,0,0,68,3135.517677,0.003361345,0.01146836,4.095288919,0,Mar,1,1,2,1,Returning_Visitor,FALSE,FALSE
14,272.5,2,52.25,55,1127.288305,0.003125,0.014499164,0,0,Mar,3,2,7,1,Returning_Visitor,FALSE,FALSE
0,0,0,0,25,954.4702381,0,0.012742857,0,0,Mar,3,2,1,1,Returning_Visitor,TRUE,FALSE
0,0,0,0,33,3506.166667,0,0.025,0,0,Mar,1,1,1,1,Returning_Visitor,TRUE,FALSE
0,0,0,0,19,370.3809524,0,0.007894737,0,0,Mar,1,1,1,2,Returning_Visitor,FALSE,FALSE
5,169,0,0,3,50,0,0.033333333,0,0,Mar,1,1,1,9,New_Visitor,FALSE,FALSE
4,59.25,0,0,9,139.25,0.015384615,0.031538462,0,0,Mar,3,2,1,2,Returning_Visitor,FALSE,FALSE
4,175,0,0,15,270.5,0,0.006666667,0,0,Mar,1,1,7,2,Returning_Visitor,FALSE,FALSE
0,0,0,0,9,321,0.033333333,0.085185185,0,0,Mar,2,5,5,1,Returning_Visitor,FALSE,FALSE
0,0,0,0,1,0,0.2,0.2,0,0,Mar,2,2,1,1,Returning_Visitor,FALSE,FALSE
4,159,0,0,3,64.75,0,0.014285714,0,0,Mar,1,1,1,2,Returning_Visitor,FALSE,FALSE
0,0,0,0,4,26.5,0,0.05,0,0,Mar,2,2,9,2,Returning_Visitor,TRUE,FALSE
0,0,0,0,14,927.2777778,0,0.014285714,0,0,Mar,2,2,1,2,Returning_Visitor,FALSE,FALSE
0,0,0,0,7,141.1666667,0,0.007142857,0,0,Mar,3,2,3,1,Returning_Visitor,FALSE,FALSE
11,247.3333333,2,369,90,7221,0.001030928,0.003917526,13.46406308,0,Mar,2,2,3,8,Returning_Visitor,FALSE,TRUE
0,0,0,0,12,218.5,0,0.045833333,0,0,Mar,1,1,4,2,Returning_Visitor,FALSE,FALSE
2,78.33333333,0,0,12,262.5,0.028571429,0.033333333,0,0,Mar,1,1,1,1,Returning_Visitor,FALSE,FALSE
0,0,0,0,17,469.4166667,0,0.011764706,0,0,Mar,1,1,2,2,Returning_Visitor,FALSE,FALSE
1,16,0,0,27,1240.916667,0,0.009259259,28.39335492,0,Mar,2,2,3,1,Returning_Visitor,FALSE,TRUE
1,8,0,0,5,143.5,0,0.011111111,0,0,Mar,3,2,2,3,New_Visitor,TRUE,FALSE
0,0,0,0,7,101,0.028571429,0.057142857,0,0,Mar,2,5,1,3,Returning_Visitor,FALSE,FALSE
5,267.5,0,0,5,62.5,0.022222222,0.044444444,0,0,Mar,2,2,2,3,New_Visitor,TRUE,FALSE
1,14,0,0,6,156,0,0.04,0,0,Mar,1,1,3,1,Returning_Visitor,TRUE,FALSE
0,0,0,0,6,104,0,0.033333333,0,0,Mar,3,2,7,6,Returning_Visitor,FALSE,FALSE
2,17,0,0,15,1349,0,0.005882353,0,0,Mar,2,2,1,1,Returning_Visitor,FALSE,FALSE
1,12,0,0,11,331.25,0.016666667,0.033333333,0,0,Mar,2,2,2,2,Returning_Visitor,TRUE,FALSE
5,114.75,0,0,8,301.5,0,0.018181818,0,0,Mar,2,4,4,2,Returning_Visitor,TRUE,FALSE
0,0,0,0,8,157.5714286,0,0.025,0,0,Mar,3,2,2,3,Returning_Visitor,FALSE,FALSE
0,0,0,0,1,0,0.2,0.2,0,0,Mar,1,1,4,9,Returning_Visitor,TRUE,FALSE
0,0,0,0,19,224.9583333,0,0.010526316,0,0,Mar,1,1,1,2,Returning_Visitor,FALSE,FALSE
1,10,0,0,39,1152.5,0.011965812,0.017802198,0,0,Mar,3,2,1,3,Returning_Visitor,FALSE,FALSE
10,164.5,1,3,61,2292.679762,0,0.009552239,0,0,Mar,2,2,1,1,Returning_Visitor,FALSE,FALSE
0,0,0,0,9,329,0.022222222,0.044444444,0,0,Mar,2,2,3,1,Returning_Visitor,FALSE,FALSE
0,0,0,0,8,111.6666667,0,0.025,0,0,Mar,2,2,1,1,Returning_Visitor,FALSE,FALSE
0,0,0,0,15,1074.428571,0.015384615,0.021538462,0,0,Mar,3,2,1,1,Returning_Visitor,FALSE,FALSE
0,0,0,0,32,1080.047619,0,0.01015625,0,0,Mar,2,2,7,2,Returning_Visitor,FALSE,FALSE
4,387.5,0,0,23,666.9464286,0.007692308,0.026089744,0,0,Mar,1,1,6,10,Returning_Visitor,FALSE,FALSE
2,123,0,0,14,239,0,0.0125,0,0,Mar,2,2,1,2,New_Visitor,TRUE,FALSE
4,272.5,0,0,14,279.9,0,0.028571429,0,0,Mar,1,1,3,10,New_Visitor,FALSE,FALSE
0,0,0,0,1,0,0.2,0.2,0,0,Mar,2,2,7,11,Returning_Visitor,FALSE,FALSE
0,0,0,0,15,1674,0,0.04,0,0,Mar,2,2,4,1,Returning_Visitor,FALSE,FALSE
0,0,0,0,3,15,0,0.066666667,0,0,Mar,2,4,3,1,Returning_Visitor,TRUE,FALSE
0,0,0,0,22,480.9666667,0.004848485,0.026652893,0,0,Mar,2,2,4,3,Returning_Visitor,FALSE,FALSE
0,0,0,0,3,62,0,0.066666667,0,0,Mar,2,2,1,1,Returning_Visitor,FALSE,FALSE
4,320.5,0,0,23,1841.171429,0,0.003913043,0,0,Mar,1,1,1,2,New_Visitor,TRUE,FALSE
0,0,0,0,2,37.5,0,0.033333333,0,0,Mar,3,2,4,3,Returning_Visitor,TRUE,FALSE
2,35,0,0,11,131.3,0,0.015384615,0,0,Mar,2,2,1,2,New_Visitor,FALSE,FALSE
0,0,0,0,2,92,0,0.1,0,0,Mar,2,2,8,1,Returning_Visitor,FALSE,FALSE
0,0,0,0,3,78.33333333,0,0.022222222,0,0,Mar,2,2,7,11,Returning_Visitor,FALSE,FALSE
0,0,0,0,7,114.6,0.028571429,0.033333333,0,0,Mar,3,2,1,10,Returning_Visitor,FALSE,FALSE
2,34,0,0,18,671,0,0.010526316,0,0,Mar,3,2,3,11,New_Visitor,TRUE,FALSE
2,47,0,0,11,624,0,0.020512821,0,0,Mar,2,2,1,1,Returning_Visitor,FALSE,FALSE
2,11,3,123.3333333,34,448.75,0.021621622,0.048648649,0,0,Mar,2,10,6,1,Returning_Visitor,FALSE,FALSE
0,0,0,0,4,35,0,0.05,0,0,Mar,2,2,9,3,Returning_Visitor,FALSE,FALSE
3,13,0,0,7,79.5,0,0.02,0,0,Mar,2,2,1,8,New_Visitor,TRUE,FALSE
0,0,0,0,10,189.5,0,0.036666667,0,0,Mar,3,2,3,3,Returning_Visitor,FALSE,FALSE
2,36,0,0,15,2190.666667,0,0.004444444,0,0,Mar,2,2,3,8,Returning_Visitor,FALSE,FALSE
0,0,0,0,2,0,0.2,0.2,0,0,Mar,2,2,3,3,Returning_Visitor,TRUE,FALSE
0,0,0,0,2,0,0.2,0.2,0,0,Mar,1,1,1,1,Returning_Visitor,FALSE,FALSE
0,0,0,0,5,672.5,0,0.04,0,0,Mar,2,2,1,1,Returning_Visitor,FALSE,FALSE
3,33,0,0,67,2502.816667,0.006060606,0.011147186,0,0,Mar,4,1,1,10,Returning_Visitor,FALSE,FALSE
7,97,6,281.5,83,1778.125214,0.007967033,0.019990486,6.626647741,0,Mar,2,2,3,3,Returning_Visitor,FALSE,FALSE
0,0,0,0,4,49.5,0.05,0.075,0,0,Mar,3,2,1,1,Returning_Visitor,FALSE,FALSE
0,0,0,0,12,261,0.033333333,0.083333333,0,0,Mar,2,2,7,1,Returning_Visitor,FALSE,FALSE
1,37,0,0,12,663.5,0,0.016666667,10.83431037,0,Mar,3,2,6,8,New_Visitor,FALSE,TRUE
4,55,0,0,16,284.9,0.003333333,0.033333333,18.8649,0,Mar,1,1,2,10,Returning_Visitor,FALSE,FALSE
0,0,0,0,7,236,0.057142857,0.085714286,0,0,Mar,2,2,3,2,Returning_Visitor,FALSE,FALSE
3,26,0,0,19,576.0833333,0.009090909,0.018181818,30.65045455,0,Mar,2,2,2,1,Returning_Visitor,TRUE,TRUE
0,0,0,0,3,77,0,0.066666667,0,0,Mar,3,6,1,9,Returning_Visitor,TRUE,FALSE
0,0,0,0,1,0,0.2,0.2,0,0,Mar,2,2,1,1,Returning_Visitor,FALSE,FALSE
0,0,0,0,3,79,0.066666667,0.166666667,0,0,Mar,1,1,3,3,Returning_Visitor,FALSE,FALSE
2,24.5,1,710,66,4566.952839,0.006470588,0.018141923,0,0,Mar,3,2,2,2,Returning_Visitor,FALSE,FALSE
1,24,3,125.5,65,8646,0,0.011764706,0,0,Mar,2,2,1,13,Returning_Visitor,TRUE,FALSE
0,0,0,0,17,600.5,0,0.005882353,0,0,Mar,2,2,7,10,Returning_Visitor,FALSE,FALSE
0,0,0,0,21,434.5,0,0.023809524,0,0,Mar,2,2,7,1,Returning_Visitor,FALSE,FALSE
1,0,0,0,35,499.4,0.011764706,0.028151261,0,0,Mar,2,2,3,1,Returning_Visitor,TRUE,FALSE
9,122,1,87,50,1694.797619,0.008928571,0.018154762,0,0,Mar,1,1,1,3,Returning_Visitor,TRUE,FALSE
1,123,0,0,7,181.5,0,0.025,64.7325,0,Mar,2,2,1,2,New_Visitor,TRUE,TRUE
3,308,0,0,54,1306.151974,0.003508772,0.012962963,0,0,Mar,2,2,4,1,Returning_Visitor,FALSE,FALSE
0,0,0,0,6,75,0,0.016666667,0,0,Mar,1,1,1,2,Returning_Visitor,FALSE,FALSE
0,0,0,0,6,61,0,0.066666667,0,0,Mar,2,4,1,3,Returning_Visitor,FALSE,FALSE
0,0,0,0,12,1165.333333,0.004166667,0.043055556,0,0,Mar,2,2,3,2,Returning_Visitor,FALSE,FALSE
0,0,0,0,1,0,0.2,0.2,0,0,Mar,3,2,5,1,Returning_Visitor,FALSE,FALSE
0,0,0,0,6,70.83333333,0,0.016666667,0,0,Mar,2,2,8,2,Returning_Visitor,FALSE,FALSE
5,72.5,0,0,31,649.3071429,0,0.001041667,35.10378279,0,Mar,2,7,2,2,Returning_Visitor,TRUE,TRUE
1,21,1,61,49,1647.152381,0,0.0008,144.3934888,0,Mar,2,2,7,2,Returning_Visitor,TRUE,TRUE
6,233.0833333,2,63,60,3135.442572,0.001666667,0.009358814,0,0,Mar,3,2,1,10,Returning_Visitor,FALSE,FALSE
0,0,0,0,9,181.3333333,0.02962963,0.055026455,0,0,Mar,2,2,1,1,Returning_Visitor,FALSE,FALSE
0,0,0,0,9,159,0,0.022222222,0,0,Mar,2,2,1,2,Returning_Visitor,TRUE,FALSE
4,315,0,0,8,465.8333333,0,0.024242424,0,0,Mar,3,2,3,3,Returning_Visitor,TRUE,FALSE
0,0,0,0,3,112,0.066666667,0.133333333,0,0,Mar,2,2,7,10,Returning_Visitor,FALSE,FALSE
0,0,0,0,40,952.9666667,0.001666667,0.016666667,0,0,Mar,1,1,2,2,Returning_Visitor,FALSE,FALSE
0,0,0,0,8,372.8333333,0,0.0125,0,0,Mar,1,1,1,1,Returning_Visitor,FALSE,FALSE
6,192.5,0,0,14,327,0,0.00625,0,0,Mar,1,1,1,9,Returning_Visitor,TRUE,FALSE
0,0,0,0,1,0,0.2,0.2,0,0,Mar,2,2,2,1,Returning_Visitor,FALSE,FALSE
0,0,0,0,6,1057,0,0.033333333,0,0,Mar,2,4,4,1,Returning_Visitor,FALSE,FALSE
0,0,0,0,3,12,0,0.066666667,0,0,Mar,2,2,1,3,Returning_Visitor,FALSE,FALSE
0,0,0,0,1,36,0,0.066666667,0,0,Mar,3,2,6,2,Returning_Visitor,TRUE,FALSE
3,43.5,0,0,30,2264.333333,0,0.010416667,0,0,Mar,2,2,1,3,Returning_Visitor,TRUE,FALSE
4,76,0,0,28,866,0,0.02183908,0,0,Mar,2,2,4,1,Returning_Visitor,FALSE,FALSE
0,0,0,0,4,97,0,0.05,0,0,Mar,2,2,2,1,Returning_Visitor,FALSE,FALSE
0,0,0,0,17,701.5424242,0.013333333,0.026666667,0,0,Mar,2,2,6,2,Returning_Visitor,FALSE,FALSE
2,35,0,0,20,979.0833333,0,0.00952381,60.04549665,0,Mar,2,2,3,2,Returning_Visitor,FALSE,TRUE
3,13,0,0,28,324.7692308,0,0.001724138,0,0,Mar,2,2,1,6,Returning_Visitor,FALSE,FALSE
6,160.0952381,3,94.5,47,1682.870247,0.001333333,0.007891429,5.698642857,0,Mar,3,2,6,10,Returning_Visitor,FALSE,TRUE
0,0,0,0,9,210,0.044444444,0.055555556,0,0,Mar,1,1,3,3,Returning_Visitor,FALSE,FALSE
0,0,0,0,20,332,0.03,0.06,0,0,Mar,4,1,3,1,Returning_Visitor,FALSE,FALSE
1,45,0,0,13,1610.916667,0,0.007142857,0,0,Mar,1,1,1,3,New_Visitor,TRUE,FALSE
4,177.1666667,0,0,50,1188.566667,0.007843137,0.018300654,0,0,Mar,2,2,3,3,Returning_Visitor,FALSE,FALSE
0,0,0,0,3,98,0,0.066666667,0,0,Mar,2,6,7,1,Returning_Visitor,FALSE,FALSE
0,0,1,36.33333333,38,1663.683333,0.005405405,0.022972973,0,0,Mar,2,2,4,1,Returning_Visitor,FALSE,FALSE
4,43.5,0,0,39,930.3,0.001190476,0.010997732,0,0,Mar,4,5,1,3,Returning_Visitor,TRUE,FALSE
0,0,0,0,21,1003,0,0.008333333,0,0,Mar,2,4,1,1,Returning_Visitor,FALSE,FALSE
0,0,0,0,3,69,0,0.066666667,0,0,Mar,2,2,2,6,Returning_Visitor,FALSE,FALSE
0,0,0,0,27,1199.725758,0.007407407,0.01691358,9.028406684,0,Mar,1,1,2,3,Returning_Visitor,FALSE,FALSE
0,0,0,0,34,1524.058333,0.019393939,0.025282904,11.77367361,0,Mar,3,2,3,1,Returning_Visitor,FALSE,FALSE
0,0,2,45,11,624,0.015384615,0.046153846,0,0,Mar,2,2,4,10,Returning_Visitor,FALSE,FALSE
0,0,0,0,37,1229.766667,0.005405405,0.014414414,0,0,Mar,2,2,1,3,Returning_Visitor,TRUE,FALSE
0,0,0,0,13,972.6,0,0.007692308,0,0,Mar,2,2,3,10,Returning_Visitor,FALSE,FALSE
5,159,0,0,17,438.4333333,0.003030303,0.027272727,0,0,Mar,1,1,3,3,Returning_Visitor,FALSE,FALSE
0,0,0,0,10,270,0,0.004,0,0,Mar,2,2,1,2,Returning_Visitor,FALSE,FALSE
0,0,0,0,3,333,0,0.066666667,0,0,Mar,2,2,2,1,Returning_Visitor,TRUE,FALSE
0,0,0,0,20,504.2333333,0.01,0.021666667,0,0,Mar,3,2,1,1,Returning_Visitor,FALSE,FALSE
0,0,0,0,27,845.5,0,0.007407407,0,0,Mar,4,1,1,11,Returning_Visitor,TRUE,FALSE
1,54,1,237,16,744.5,0.013333333,0.033777778,0,0,Mar,2,2,6,2,Returning_Visitor,FALSE,FALSE
0,0,0,0,21,1129,0.00952381,0.038095238,0,0,Mar,2,5,5,1,Returning_Visitor,FALSE,FALSE
2,34,0,0,8,358,0,0.02,0,0,Mar,2,2,1,2,Returning_Visitor,FALSE,FALSE
0,0,0,0,24,832,0,0.020289855,21.92521348,0,Mar,2,6,6,1,Returning_Visitor,FALSE,FALSE
0,0,0,0,4,36.5,0,0.05,0,0,Mar,2,2,7,1,Returning_Visitor,FALSE,FALSE
0,0,0,0,7,157,0,0.014285714,0,0,Mar,3,2,1,2,Returning_Visitor,FALSE,FALSE
3,36,0,0,9,71.33333333,0,0.02,0,0,Mar,2,2,1,11,New_Visitor,FALSE,FALSE
7,196,3,138.5,11,227.5,0,0.006666667,0,0,Mar,3,2,5,8,New_Visitor,TRUE,FALSE
1,0,2,56,22,1054.309524,0.004761905,0.023809524,0,0,Mar,1,1,1,1,Returning_Visitor,FALSE,FALSE
0,0,0,0,6,308.1666667,0.083333333,0.095,0,0,Mar,1,1,6,1,Returning_Visitor,FALSE,FALSE
0,0,0,0,10,229.25,0,0.06,0,0,Mar,1,1,6,2,Returning_Visitor,FALSE,FALSE
0,0,1,29,9,225.8333333,0,0.02,0,0,Mar,2,2,1,3,Returning_Visitor,TRUE,FALSE
2,21,1,26,22,326.5833333,0.018181818,0.066666667,0,0,Mar,3,2,4,3,Returning_Visitor,FALSE,FALSE
10,231,1,8,104,3486.690476,0.003301887,0.013104972,0,0,Mar,2,10,1,1,Returning_Visitor,TRUE,FALSE
0,0,0,0,8,863.3333333,0,0.014583333,0,0,Mar,2,2,4,3,Returning_Visitor,TRUE,FALSE
0,0,0,0,1,67,0.1,0.133333333,0,0,Mar,3,3,1,3,Returning_Visitor,FALSE,FALSE
15,1011.361111,2,171.5,54,1405.131241,0,0.006127451,37.41814196,0,Mar,3,2,3,2,New_Visitor,TRUE,FALSE
6,60,2,61,23,1031.704762,0,0.007111111,33.14784917,0,Mar,4,2,9,10,Returning_Visitor,TRUE,TRUE
0,0,0,0,24,917.0833333,0.008333333,0.031944444,0,0,Mar,3,2,1,1,Returning_Visitor,TRUE,FALSE
3,61,0,0,19,573.6571429,0.036842105,0.04,0,0,Mar,1,1,2,1,Returning_Visitor,FALSE,FALSE
0,0,0,0,5,94.5,0,0.04,0,0,Mar,2,2,1,1,Returning_Visitor,FALSE,FALSE
0,0,0,0,13,238.1666667,0,0.007692308,0,0,Mar,2,2,6,2,Returning_Visitor,FALSE,FALSE
3,227,0,0,3,164,0,0.013333333,0,0,Mar,1,1,3,2,New_Visitor,FALSE,FALSE
0,0,5,14,31,750.5904762,0.007407407,0.036957672,0,0,Mar,2,2,1,2,Returning_Visitor,FALSE,FALSE
1,464,0,0,19,1834.083333,0.02,0.03125,0,0,Mar,2,2,2,10,Returning_Visitor,FALSE,FALSE
0,0,0,0,19,606.8333333,0.031578947,0.048245614,0,0,Mar,2,2,1,3,Returning_Visitor,FALSE,FALSE
0,0,3,300,13,509.1214286,0.006666667,0.002222222,40.7932,0,Mar,3,2,7,2,Returning_Visitor,TRUE,TRUE
0,0,0,0,2,19,0,0.1,0,0,Mar,1,1,1,1,Returning_Visitor,FALSE,FALSE
3,80.42857143,0,0,61,5900.351378,0,0.007213115,0,0,Mar,3,2,3,10,Returning_Visitor,FALSE,FALSE
0,0,0,0,1,0,0.2,0.2,0,0,Mar,1,2,9,2,Returning_Visitor,FALSE,FALSE
0,0,0,0,1,0,0.2,0.2,0,0,Mar,2,2,1,1,Returning_Visitor,FALSE,FALSE
0,0,0,0,13,449.3333333,0.006153846,0.044615385,0,0,Mar,2,5,1,3,Returning_Visitor,FALSE,FALSE
0,0,0,0,12,200,0,0.047222222,0,0,Mar,2,2,1,2,Returning_Visitor,TRUE,FALSE
3,61.5,0,0,16,946.1666667,0,0.010526316,0,0,Mar,2,2,1,10,New_Visitor,FALSE,FALSE
0,0,0,0,2,0,0.2,0.2,0,0,Mar,2,2,1,1,Returning_Visitor,FALSE,FALSE
0,0,0,0,3,514,0,0.066666667,0,0,Mar,2,2,3,1,Returning_Visitor,FALSE,FALSE
1,58,0,0,5,64,0,0.016666667,0,0,Mar,1,1,4,2,New_Visitor,FALSE,FALSE
0,0,0,0,2,210,0,0.1,0,0,Mar,3,2,1,2,Returning_Visitor,FALSE,FALSE
2,243,0,0,12,1180.5,0,0.007692308,0,0,Mar,1,1,1,9,Returning_Visitor,FALSE,FALSE
0,0,0,0,9,771.5,0.022222222,0.044444444,0,0,Mar,1,1,6,1,Returning_Visitor,FALSE,FALSE
1,4,0,0,37,1096.75,0,0.020175439,0,0,Mar,2,2,6,10,Returning_Visitor,FALSE,FALSE
0,0,0,0,5,381.6666667,0,0.02,0,0,Mar,1,1,3,2,Returning_Visitor,FALSE,FALSE
9,210.6666667,3,127,55,1509.594444,0.006451613,0.02016129,14.68324522,0,Mar,2,5,1,2,Returning_Visitor,FALSE,FALSE
0,0,0,0,4,69,0,0.05,0,0,Mar,1,1,1,2,Returning_Visitor,FALSE,FALSE
0,0,0,0,1,0,0.2,0.2,0,0,Mar,2,4,5,1,Returning_Visitor,FALSE,FALSE
0,0,0,0,5,103,0,0.04,0,0,Mar,2,2,1,2,Returning_Visitor,FALSE,FALSE
0,0,0,0,2,36.5,0,0.033333333,0,0,Mar,3,2,1,1,Returning_Visitor,FALSE,FALSE
0,0,0,0,6,226,0,0.04,0,0,Mar,2,2,1,2,Returning_Visitor,FALSE,FALSE
1,156.1428571,0,0,18,1181.198413,0,0.048235294,0,0,Mar,3,2,4,1,Returning_Visitor,FALSE,FALSE
2,0,0,0,17,1394.666667,0,0.029761905,0,0,Mar,2,4,2,6,Returning_Visitor,FALSE,FALSE
5,282,0,0,8,326,0,0.022222222,0,0,Mar,1,1,1,3,Returning_Visitor,FALSE,FALSE
0,0,0,0,9,459.8307692,0,0.001587302,0,0,Mar,3,2,8,2,Returning_Visitor,TRUE,FALSE
3,512.8333333,2,278,3,162,0,0.014285714,0,0,Mar,3,2,1,8,New_Visitor,TRUE,FALSE
0,0,0,0,1,0,0.2,0.2,0,0,Mar,2,6,1,1,Returning_Visitor,FALSE,FALSE
0,0,0,0,1,0,0.2,0.2,0,0,Mar,1,1,3,1,Returning_Visitor,FALSE,FALSE
1,112,0,0,37,2043.5,0.005555556,0.016666667,12.3578472,0,Mar,2,5,3,6,Returning_Visitor,FALSE,TRUE
4,73.5,0,0,24,663.4666667,0.002564103,0.004395604,0,0,Mar,3,2,1,1,Returning_Visitor,FALSE,FALSE
3,184.6888889,0,0,129,7669.250794,0,0.009135204,0,0,Mar,2,2,8,13,Returning_Visitor,FALSE,FALSE
5,75.16666667,0,0,12,115.1666667,0.028571429,0.042857143,0,0,Mar,2,2,8,1,Returning_Visitor,FALSE,FALSE
0,0,0,0,11,296.45,0,0.007792208,0,0,Mar,3,2,6,2,Returning_Visitor,FALSE,FALSE
0,0,0,0,56,2633.869048,0.003703704,0.016666667,0,0,Mar,2,5,1,1,Returning_Visitor,FALSE,FALSE
0,0,0,0,19,392,0.021052632,0.052631579,0,0,Mar,2,2,5,1,Returning_Visitor,TRUE,FALSE
1,19,0,0,13,748.6666667,0,0.020512821,0,0,Mar,1,2,6,3,Returning_Visitor,FALSE,FALSE
6,302,0,0,18,834.6666667,0.004761905,0.021269841,0,0,Mar,1,1,1,9,Returning_Visitor,TRUE,FALSE
0,0,0,0,2,5,0,0.1,0,0,Mar,2,2,1,1,Returning_Visitor,TRUE,FALSE
0,0,0,0,1,0,0.2,0.2,0,0,Mar,1,1,1,9,Returning_Visitor,TRUE,FALSE
0,0,0,0,3,11,0.05,0.15,0,0,Mar,3,3,1,1,Returning_Visitor,FALSE,FALSE
0,0,1,37,15,497.3333333,0.0125,0.0375,0,0,Mar,1,1,2,1,Returning_Visitor,FALSE,FALSE
10,117.3333333,0,0,28,631.9896825,0.017647059,0.022794118,10.16517157,0,Mar,3,7,1,2,Returning_Visitor,FALSE,TRUE
0,0,0,0,11,315.6,0,0.018181818,0,0,Mar,1,1,6,3,Returning_Visitor,TRUE,FALSE
1,7,0,0,14,183.3333333,0,0.006666667,0,0,Mar,2,2,3,10,Returning_Visitor,FALSE,FALSE
1,0,0,0,8,192.1666667,0,0.025,0,0,Mar,1,1,9,9,Returning_Visitor,TRUE,FALSE
1,0,0,0,16,1296.6,0.022222222,0.033333333,13.28355556,0,Mar,3,2,4,2,Returning_Visitor,FALSE,TRUE
0,0,0,0,3,17,0.1,0.111111111,0,0,Mar,1,1,1,1,Returning_Visitor,FALSE,FALSE
0,0,1,41,13,698,0,0.032142857,0,0,Mar,2,5,2,1,Returning_Visitor,FALSE,FALSE
1,14,0,0,17,1093.142857,0,0.02125,0,0,Mar,2,2,2,2,Returning_Visitor,FALSE,FALSE
1,5,0,0,9,2397.5,0,0.02,0,0,Mar,4,1,3,3,Returning_Visitor,FALSE,FALSE
2,107,0,0,3,56,0,0.04,0,0,Mar,1,1,3,2,New_Visitor,FALSE,FALSE
1,31,3,62,11,196.2,0,0.013333333,0,0,Mar,2,2,1,10,Returning_Visitor,FALSE,FALSE
0,0,0,0,3,39.66666667,0,0.033333333,0,0,Mar,2,4,1,10,Returning_Visitor,FALSE,FALSE
0,0,0,0,1,0,0.2,0.2,0,0,Mar,2,2,1,3,Returning_Visitor,FALSE,FALSE
0,0,0,0,1,0,0.2,0.2,0,0,Mar,3,2,1,1,Returning_Visitor,FALSE,FALSE
0,0,1,42,20,408.3333333,0,0.003174603,33.47777322,0,Mar,2,4,7,2,Returning_Visitor,FALSE,TRUE
0,0,0,0,2,0,0.2,0.2,0,0,Mar,1,1,1,10,Returning_Visitor,FALSE,FALSE
1,7,0,0,29,906.5666667,0,0.006896552,0,0,Mar,4,1,1,2,New_Visitor,TRUE,FALSE
0,0,0,0,4,149,0,0.05,0,0,Mar,2,2,1,2,Returning_Visitor,FALSE,FALSE
0,0,0,0,30,1224.75,0,0.007142857,21.04864167,0,Mar,2,4,2,2,New_Visitor,FALSE,TRUE
0,0,0,0,1,0,0.2,0.2,0,0,Mar,2,4,1,1,Returning_Visitor,FALSE,FALSE
2,52,1,17.66666667,18,1262,0,0.00952381,0,0,Mar,2,2,1,2,New_Visitor,FALSE,FALSE
0,0,0,0,12,207,0,0.036666667,0,0,Mar,2,2,3,2,Returning_Visitor,FALSE,FALSE
1,19,0,0,7,115.6666667,0,0.028571429,0,0,Mar,3,2,2,10,Returning_Visitor,FALSE,FALSE
0,0,0,0,1,0,0.2,0.2,0,0,Mar,2,2,1,2,Returning_Visitor,FALSE,FALSE
1,0,0,0,3,321.5,0.05,0.1,0,0,Mar,3,2,2,1,Returning_Visitor,FALSE,FALSE
9,204.0833333,0,0,63,3552.702381,0,0.007,19.95572297,0,Mar,1,2,8,8,New_Visitor,FALSE,TRUE
2,151,0,0,19,716.3571429,0.004761905,0.015873016,10.8692605,0,Mar,1,1,7,1,Returning_Visitor,TRUE,TRUE
6,98,0,0,12,343,0.019444444,0.032222222,0,0,Mar,1,2,1,2,Returning_Visitor,TRUE,FALSE
6,52,1,24,56,3763.166667,0.003389831,0.01480226,10.37042373,0,Mar,2,2,1,1,Returning_Visitor,FALSE,TRUE
0,0,0,0,7,272.5,0,0.033333333,0,0,Mar,1,1,6,2,New_Visitor,TRUE,FALSE
0,0,0,0,3,81,0,0.066666667,0,0,Mar,1,1,1,1,Returning_Visitor,FALSE,FALSE
4,600.4230769,0,0,17,1883.827222,0.00075188,0.013061325,0.120699914,0,Mar,2,2,1,8,Returning_Visitor,FALSE,TRUE
0,0,0,0,7,251.6666667,0.028571429,0.011428571,0,0,Mar,3,2,1,6,Returning_Visitor,TRUE,FALSE
4,132,0,0,7,1413.333333,0.036,0.029285714,0,0,Mar,3,2,7,8,Returning_Visitor,FALSE,FALSE
0,0,0,0,3,79.5,0,0.033333333,0,0,Mar,3,2,2,2,Returning_Visitor,FALSE,FALSE
3,23,0,0,6,83,0,0.014285714,0,0,Mar,2,2,6,2,New_Visitor,FALSE,FALSE
2,20,0,0,17,584.5,0,0.011111111,0,0,Mar,2,2,9,2,Returning_Visitor,FALSE,FALSE
3,39,0,0,30,940.8333333,0.012121212,0.024242424,0,0,Mar,1,8,3,3,Returning_Visitor,FALSE,FALSE
2,152.8333333,0,0,20,791.6666667,0.011111111,0.016666667,41.35007203,0,Mar,1,1,1,2,New_Visitor,FALSE,TRUE
0,0,0,0,77,4346.541667,0.003070175,0.023099415,0,0,Mar,4,1,1,2,Returning_Visitor,FALSE,FALSE
0,0,0,0,5,50.5,0,0.04,0,0,Mar,2,2,1,1,Returning_Visitor,TRUE,FALSE
0,0,0,0,6,74,0,0.02,0,0,Mar,2,4,6,8,Returning_Visitor,FALSE,FALSE
0,0,0,0,8,83,0.057142857,0.095238095,0,0,Mar,1,2,2,1,Returning_Visitor,FALSE,FALSE
4,16.66666667,0,0,68,2593.741667,0.002941176,0.012843137,0,0,Mar,2,2,4,8,Returning_Visitor,FALSE,FALSE
0,0,0,0,6,59,0,0.033333333,0,0,Mar,2,2,1,2,Returning_Visitor,FALSE,FALSE
2,197,4,219,53,1518.761111,0.007272727,0.005454545,0,0,Mar,1,1,6,2,Returning_Visitor,TRUE,FALSE
0,0,0,0,6,62,0,0.04,0,0,Mar,2,2,1,1,Returning_Visitor,FALSE,FALSE
0,0,0,0,30,365.4,0.027586207,0.035862069,0,0,Mar,3,2,6,1,Returning_Visitor,FALSE,FALSE
2,15,0,0,7,50.5,0,0.028571429,0,0,Mar,2,2,1,3,Returning_Visitor,FALSE,FALSE
0,0,0,0,12,468,0.016666667,0.033333333,0,0,Mar,4,1,4,3,Returning_Visitor,FALSE,FALSE
5,710.3333333,0,0,23,7533.272727,0,0.007407407,0,0,Mar,2,2,1,2,Returning_Visitor,FALSE,FALSE
4,84,0,0,35,1059,0,0.005882353,0,0,Mar,2,2,3,2,New_Visitor,FALSE,FALSE
0,0,0,0,5,52,0,0.02,0,0,Mar,2,4,7,2,Returning_Visitor,FALSE,FALSE
3,151,0,0,6,892,0,0.018518519,0,0,Mar,3,2,3,3,Returning_Visitor,TRUE,FALSE
4,83.5,0,0,9,430.5,0,0.015384615,0,0,Mar,2,2,1,2,New_Visitor,FALSE,FALSE
0,0,0,0,17,132.6333333,0.011764706,0.007843137,0,0,Mar,1,1,1,2,Returning_Visitor,FALSE,FALSE
0,0,0,0,1,0,0.2,0.2,0,0,Mar,3,2,3,1,Returning_Visitor,FALSE,FALSE
0,0,0,0,1,0,0.2,0.2,0,0,Mar,1,1,1,3,Returning_Visitor,FALSE,FALSE
0,0,0,0,14,363.3181818,0.014285714,0.023809524,0,0,Mar,1,1,1,3,Returning_Visitor,FALSE,FALSE
0,0,0,0,3,73,0,0.066666667,0,0,Mar,2,4,1,7,Returning_Visitor,FALSE,FALSE
0,0,0,0,8,612,0,0.014285714,0,0,Mar,3,3,1,2,New_Visitor,TRUE,FALSE
9,848.1428571,4,388.6666667,33,595.0095238,0,0.004651163,0,0,Mar,2,2,1,10,New_Visitor,FALSE,FALSE
0,0,0,0,6,495,0,0.02,77.96,0,Mar,1,2,9,2,Returning_Visitor,TRUE,TRUE
0,0,0,0,4,49.5,0,0.016666667,0,0,Mar,2,2,9,2,Returning_Visitor,FALSE,FALSE
3,130.8333333,1,109,47,1813.208333,0,0.002083333,0,0,Mar,2,2,3,2,Returning_Visitor,TRUE,FALSE
0,0,0,0,9,218,0,0.033333333,0,0,Mar,2,2,6,3,Returning_Visitor,TRUE,FALSE
0,0,0,0,4,102,0,0.05,0,0,Mar,2,2,3,2,Returning_Visitor,FALSE,FALSE
2,27,0,0,23,1278.090909,0,0.008333333,0,0,Mar,2,2,2,2,New_Visitor,TRUE,FALSE
0,0,0,0,3,25,0,0.066666667,0,0,Mar,1,1,4,1,Returning_Visitor,FALSE,FALSE
0,0,2,445,38,996.5166667,0.000854701,0.016544567,0,0,Mar,2,2,3,2,Returning_Visitor,FALSE,FALSE
0,0,0,0,6,69.5,0,0.033333333,0,0,Mar,2,2,7,1,Returning_Visitor,FALSE,FALSE
0,0,0,0,40,1530.248485,0.005128205,0.029795821,0,0,Mar,3,2,1,2,Returning_Visitor,FALSE,FALSE
2,12,0,0,43,2595.280952,0.009090909,0.025378788,0,0,Mar,2,4,7,1,Returning_Visitor,FALSE,FALSE
0,0,0,0,12,471.5,0.016666667,0.066666667,0,0,Mar,1,1,6,3,Returning_Visitor,FALSE,FALSE
11,281.6309524,0,0,54,923.6757353,0,0.012261867,5.150663602,0,Mar,1,1,7,2,Returning_Visitor,FALSE,FALSE
0,0,0,0,10,153,0.02,0.04,0,0,Mar,1,1,4,1,Returning_Visitor,TRUE,FALSE
9,160,0,0,48,3946.008333,0.007272727,0.011515152,20.32388105,0,Mar,2,6,1,8,Returning_Visitor,TRUE,TRUE
0,0,0,0,26,648.4,0,0.018,0,0,Mar,1,1,1,3,Returning_Visitor,TRUE,FALSE
0,0,0,0,5,56,0.04,0.08,0,0,Mar,2,4,1,1,Returning_Visitor,TRUE,FALSE
0,0,0,0,1,0,0.2,0.2,0,0,Mar,3,2,3,2,Returning_Visitor,FALSE,FALSE
0,0,0,0,21,263,0.00952381,0.030952381,0,0,Mar,2,6,1,3,Returning_Visitor,FALSE,FALSE
0,0,0,0,6,193,0,0.033333333,0,0,Mar,4,1,3,3,Returning_Visitor,TRUE,FALSE
0,0,0,0,3,38,0.1,0.122222222,0,0,Mar,3,2,1,1,Returning_Visitor,FALSE,FALSE
0,0,0,0,8,116,0.025,0.1,0,0,Mar,2,4,5,1,Returning_Visitor,FALSE,FALSE
3,31.33333333,0,0,33,1077.869048,0.0015625,0.01953125,0,0,Mar,3,2,6,2,Returning_Visitor,FALSE,FALSE
0,0,0,0,5,266.3333333,0.04,0.08,0,0,Mar,3,2,1,3,Returning_Visitor,FALSE,FALSE
0,0,0,0,3,17,0,0.033333333,0,0,Mar,1,1,1,3,Returning_Visitor,FALSE,FALSE
0,0,0,0,3,67.5,0,0.066666667,0,0,Mar,1,1,3,3,Returning_Visitor,TRUE,FALSE
3,81,1,0,28,499.6666667,0,0.022222222,0,0,Mar,2,6,1,1,Returning_Visitor,FALSE,FALSE
1,5.5,0,0,7,286,0.025,0.05,0,0,Mar,2,2,6,1,Returning_Visitor,FALSE,FALSE
4,81,0,0,8,112.7285714,0,0.02,0,0,Mar,2,2,2,1,Returning_Visitor,FALSE,FALSE
1,18,0,0,24,1571,0,0.016666667,0,0,Mar,2,2,2,3,Returning_Visitor,FALSE,FALSE
0,0,0,0,11,241,0,0.018181818,0,0,Mar,2,2,5,1,Returning_Visitor,FALSE,FALSE
0,0,0,0,11,187,0.031818182,0.068181818,0,0,Mar,2,2,1,1,Returning_Visitor,FALSE,FALSE
3,91,2,338,11,451,0,0.006666667,45.7504,0,Mar,2,2,1,10,New_Visitor,FALSE,TRUE
2,85.5,0,0,42,1741.483333,0,0.002051282,27.12804201,0,Mar,2,10,1,1,Returning_Visitor,FALSE,FALSE
1,42,2,80.5,46,838.6833333,0,0.015416667,0,0,Mar,2,2,1,10,Returning_Visitor,FALSE,FALSE
5,36.33333333,3,53,22,406,0.002564103,0.013461538,0,0,Mar,4,1,1,1,Returning_Visitor,FALSE,FALSE
0,0,0,0,18,437.1875,0.011111111,0.006878307,0,0,Mar,1,1,7,9,Returning_Visitor,TRUE,FALSE
2,33,0,0,28,898.5,0,0.013333333,0,0,Mar,2,10,6,10,Returning_Visitor,FALSE,FALSE
0,0,0,0,19,215.75,0,0.021052632,0,0,Mar,2,2,3,10,Returning_Visitor,FALSE,FALSE
7,110.25,0,0,20,266.5833333,0.011111111,0.039753086,0,0,Mar,2,2,1,2,Returning_Visitor,FALSE,FALSE
0,0,0,0,6,546,0,0.04,35.49,0,Mar,2,2,3,1,Returning_Visitor,FALSE,TRUE
0,0,0,0,16,2156,0.01875,0.035416667,0,0,Mar,2,2,3,1,Returning_Visitor,FALSE,FALSE
0,0,0,0,17,557.1666667,0.023529412,0.049509804,0,0,Mar,3,2,1,1,Returning_Visitor,FALSE,FALSE
2,27,1,35,19,461.05,0.016666667,0.026190476,16.33942857,0,Mar,3,2,1,1,Returning_Visitor,FALSE,FALSE
0,0,0,0,18,1473.333333,0.011111111,0.044444444,0,0,Mar,1,1,1,2,Returning_Visitor,FALSE,FALSE
4,155.5,0,0,13,474.8333333,0,0.00625,0,0,Mar,3,2,1,1,Returning_Visitor,FALSE,FALSE
0,0,0,0,1,0,0.2,0.2,0,0,Mar,1,1,4,1,Returning_Visitor,FALSE,FALSE
0,0,0,0,6,212,0.026666667,0.03968254,0,0,Mar,3,2,3,1,Returning_Visitor,FALSE,FALSE
5,487.5,0,0,11,500,0,0.015384615,0,0,Mar,1,8,1,11,New_Visitor,FALSE,FALSE
0,0,3,56,10,369,0,0.016666667,0,0,Mar,1,1,4,2,New_Visitor,TRUE,FALSE
0,0,0,0,5,136.6666667,0.02,0.12,0,0,Mar,3,2,1,10,Returning_Visitor,TRUE,FALSE
0,0,0,0,10,243.2,0.02,0.04,0,0,Mar,2,2,4,1,Returning_Visitor,FALSE,FALSE
0,0,0,0,12,459,0,0.02,0,0,Mar,2,4,3,1,Returning_Visitor,FALSE,FALSE
5,376.8,3,105.6666667,6,441.4666667,0,0.003333333,0,0,Mar,2,2,1,1,Returning_Visitor,FALSE,FALSE
4,985.5,4,308,6,328,0,0.015384615,0,0,Mar,2,2,3,2,New_Visitor,FALSE,FALSE
0,0,0,0,3,36,0,0.033333333,0,0,Mar,2,2,1,2,Returning_Visitor,FALSE,FALSE
0,0,0,0,20,518.6666667,0,0.011111111,0,0,Mar,2,2,2,1,Returning_Visitor,FALSE,FALSE
7,606,1,33,26,631.4583333,0,0.007142857,0,0,Mar,1,1,7,2,Returning_Visitor,FALSE,FALSE
11,1640.590909,0,0,16,1849.833333,0,0.013636364,10.78136364,0,Mar,1,1,2,3,Returning_Visitor,FALSE,FALSE
1,0,0,0,8,436,0,0.022222222,0,0,Mar,2,4,6,1,Returning_Visitor,TRUE,FALSE
0,0,0,0,5,132,0,0.04,0,0,Mar,1,1,1,1,Returning_Visitor,TRUE,FALSE
2,63,0,0,35,850.3333333,0,0.005405405,0,0,Mar,2,2,3,2,New_Visitor,TRUE,FALSE
11,228.0277778,1,32,17,457.7957265,0.007258065,0.044351348,0,0,Mar,1,2,9,8,Returning_Visitor,FALSE,FALSE
0,0,0,0,5,143,0,0.04,0,0,Mar,2,4,1,1,Returning_Visitor,FALSE,FALSE
6,136.5555556,0,0,59,3224.819084,0.002985075,0.011923715,8.567426866,0,Mar,2,4,2,2,Returning_Visitor,TRUE,TRUE
3,76,0,0,24,1038.845238,0,0.008333333,0,0,Mar,2,2,4,3,New_Visitor,FALSE,FALSE
0,0,0,0,1,0,0.2,0.2,0,0,Mar,1,1,1,1,Returning_Visitor,FALSE,FALSE
0,0,0,0,6,216,0,0.033333333,0,0,Mar,2,4,7,10,Returning_Visitor,FALSE,FALSE
2,11,0,0,20,363.6666667,0.01,0.016666667,0,0,Mar,2,2,1,3,Returning_Visitor,TRUE,FALSE
1,0,0,0,17,1314.25,0.045833333,0.1,0,0,Mar,2,2,7,1,Returning_Visitor,FALSE,FALSE
0,0,0,0,5,146,0.146666667,0.186666667,0,0,Mar,3,2,7,3,Returning_Visitor,FALSE,FALSE
0,0,0,0,8,228,0,0.028571429,0,0,Mar,4,1,3,2,Returning_Visitor,FALSE,FALSE
0,0,0,0,2,0,0.2,0.2,0,0,Mar,2,2,1,1,Returning_Visitor,FALSE,FALSE
0,0,0,0,11,419.75,0,0.006060606,0,0,Mar,2,2,6,1,Returning_Visitor,FALSE,FALSE
0,0,0,0,15,270,0.028571429,0.035714286,0,0,Mar,2,2,7,1,Returning_Visitor,FALSE,FALSE
1,1.333333333,0,0,32,395.2222222,0.006060606,0.011111111,0,0,Mar,2,4,1,2,Returning_Visitor,TRUE,FALSE
0,0,0,0,4,9,0.1,0.15,0,0,Mar,3,2,3,1,Returning_Visitor,FALSE,FALSE
0,0,0,0,17,945.0108696,0.006334842,0.023889556,0,0,Mar,3,2,3,10,Returning_Visitor,FALSE,FALSE
0,0,0,0,3,90,0,0.066666667,0,0,Mar,1,2,5,10,Returning_Visitor,FALSE,FALSE
0,0,1,55,9,936.8333333,0,0.022222222,53.25533333,0,Mar,1,1,1,2,Returning_Visitor,TRUE,TRUE
0,0,0,0,3,8,0,0.066666667,0,0,Mar,2,2,6,1,Returning_Visitor,FALSE,FALSE
0,0,0,0,20,447.5,0.02,0.04,0,0,Mar,2,2,1,1,Returning_Visitor,FALSE,FALSE
5,310,1,73,16,416.4,0,0.011111111,0,0,Mar,1,1,1,2,Returning_Visitor,TRUE,FALSE
5,1417.5,0,0,36,1051.248276,0,0.002293202,0,0,Mar,2,2,5,2,Returning_Visitor,TRUE,FALSE
3,960,0,0,10,1218,0,0.018181818,0,0,Mar,2,5,1,2,New_Visitor,FALSE,FALSE
2,18,0,0,15,756.3333333,0.0125,0.0625,29.24325,0,Mar,2,10,3,1,Returning_Visitor,FALSE,TRUE
0,0,0,0,5,210,0.12,0.16,0,0,Mar,1,10,1,1,Returning_Visitor,FALSE,FALSE
2,52,0,0,24,427.0833333,0.026388889,0.059722222,0,0,Mar,2,2,1,1,Returning_Visitor,FALSE,FALSE
0,0,0,0,2,31,0,0.025,0,0,Mar,3,2,3,3,Returning_Visitor,FALSE,FALSE
0,0,0,0,4,388,0.05,0.075,0,0,Mar,2,2,6,1,Returning_Visitor,FALSE,FALSE
0,0,0,0,4,151.5,0,0.05,0,0,Mar,3,2,1,1,Returning_Visitor,FALSE,FALSE
2,18.33333333,0,0,36,1387.606061,0.005263158,0.025438596,0,0,Mar,2,2,8,1,Returning_Visitor,TRUE,FALSE
5,106,0,0,30,1418,0,0.010344828,0,0,Mar,2,2,3,2,New_Visitor,FALSE,FALSE
6,91.88888889,0,0,25,437.2222222,0.028571429,0.035,0,0,Mar,3,2,1,1,Returning_Visitor,TRUE,FALSE
3,18,0,0,14,411.5,0,0.023529412,0,0,Mar,2,2,8,2,Returning_Visitor,FALSE,FALSE
2,36,0,0,13,142,0,0.013333333,0,0,Mar,4,2,4,8,Returning_Visitor,FALSE,FALSE
0,0,1,28,13,474.6666667,0,0.014285714,33.41,0,Mar,2,2,1,6,Returning_Visitor,FALSE,TRUE
2,17,0,0,20,1415.625,0.012698413,0.044761905,32.578313,0,Mar,3,3,1,10,Returning_Visitor,FALSE,FALSE
0,0,0,0,1,0,0,0.2,0,0,Mar,2,2,5,1,Returning_Visitor,FALSE,FALSE
7,139.5,0,0,30,1448.752381,0.006060606,0.012878788,0,0,Mar,1,2,3,2,New_Visitor,FALSE,FALSE
0,0,0,0,3,96.5,0,0.022222222,0,0,Mar,1,1,1,3,Returning_Visitor,TRUE,FALSE
4,178,2,209,17,2777.666667,0,0.009090909,0,0,Mar,3,2,7,1,Returning_Visitor,FALSE,FALSE
3,180,0,0,12,1436.5,0,0.013333333,27.75904925,0,Mar,2,2,2,2,Returning_Visitor,TRUE,TRUE
2,107.3333333,0,0,8,224,0,0.01,0,0,Mar,1,2,7,2,Returning_Visitor,TRUE,FALSE
4,52,1,7,46,3087,0.003773585,0.021383648,16.94643793,0,Mar,2,2,3,8,Returning_Visitor,FALSE,TRUE
2,211,1,58,71,3424.583333,0.001315789,0.015,0,0,Mar,2,2,5,3,Returning_Visitor,TRUE,FALSE
0,0,0,0,1,0,0.2,0.2,0,0,Mar,1,1,3,3,Returning_Visitor,FALSE,FALSE
0,0,2,46,9,546,0,0.02,0,0,Mar,2,6,1,2,Returning_Visitor,FALSE,FALSE
1,4,0,0,43,1418.5,0,0.018181818,0,0,Mar,4,1,2,3,Returning_Visitor,TRUE,FALSE
1,69,0,0,8,423,0,0.025,28.05094335,0,Mar,2,4,1,8,New_Visitor,FALSE,TRUE
4,183.25,1,21,20,651.4,0,0.004166667,0,0,Mar,1,1,1,2,Returning_Visitor,FALSE,FALSE
2,55,0,0,6,249.5,0,0.033333333,0,0,Mar,2,2,7,2,New_Visitor,FALSE,FALSE
0,0,0,0,11,337,0.045454545,0.061818182,0,0,Mar,1,1,9,3,Returning_Visitor,FALSE,FALSE
0,0,0,0,1,0,0.2,0.2,0,0,Mar,1,1,1,3,Returning_Visitor,TRUE,FALSE
0,0,0,0,26,1377.769697,0,0.008,92.4822063,0,Mar,2,2,7,2,Returning_Visitor,FALSE,TRUE
0,0,1,83,16,223,0,0.023529412,0,0,Mar,2,2,1,2,Returning_Visitor,FALSE,FALSE
1,3,2,373,6,66.83333333,0,0.0125,0,0,Mar,2,4,1,8,New_Visitor,FALSE,FALSE
1,613.6666667,0,0,4,957,0.161904762,0.096298701,0,0,Mar,3,2,8,10,Returning_Visitor,FALSE,FALSE
0,0,0,0,2,135,0,0.1,0,0,Mar,1,1,1,2,Returning_Visitor,FALSE,FALSE
0,0,0,0,36,1166.72619,0,0.025,4.599,0,Mar,1,1,1,3,Returning_Visitor,TRUE,TRUE
2,11.92307692,2,139,80,4099.737392,0.004117063,0.005279668,16.88069613,0,Mar,3,2,1,2,Returning_Visitor,TRUE,TRUE
1,0,0,0,4,31,0,0.05,0,0,Mar,2,2,2,10,Returning_Visitor,TRUE,FALSE
1,8,1,101,12,205.9761905,0.015384615,0.024358974,0,0,Mar,2,4,3,1,Returning_Visitor,FALSE,FALSE
1,7,7,141,25,1644,0.002150538,0.018817204,0,0,Mar,2,4,1,10,Returning_Visitor,FALSE,FALSE
2,102,0,0,4,268,0,0.013333333,0,0,Mar,2,2,1,3,Returning_Visitor,TRUE,FALSE
0,0,0,0,8,158.5,0,0.05,0,0,Mar,1,1,1,3,Returning_Visitor,TRUE,FALSE
1,7,0,0,11,298,0,0.006666667,0,0,Mar,3,2,3,3,Returning_Visitor,TRUE,FALSE
3,1499.571429,1,186,31,2905.943651,0,0.010215054,0,0,Mar,2,6,7,1,Returning_Visitor,FALSE,FALSE
0,0,0,0,41,419,0.01300813,0.03495935,0,0,Mar,2,2,1,3,Returning_Visitor,FALSE,FALSE
0,0,0,0,5,279,0,0.04,0,0,Mar,2,2,2,1,Returning_Visitor,FALSE,FALSE
1,0,0,0,43,1286.688889,0.004545455,0.030266123,4.289292857,0,Mar,3,2,1,6,Returning_Visitor,FALSE,FALSE
1,74,0,0,49,1616.083333,0.004,0.016,0,0,Mar,2,2,6,1,Returning_Visitor,FALSE,FALSE
2,1223,4,416,21,2755.67094,0.004545455,0.027575758,0,0,Mar,3,2,1,2,Returning_Visitor,TRUE,FALSE
0,0,0,0,26,655.7833333,0.003846154,0.013782051,0,0,Mar,1,1,8,3,Returning_Visitor,FALSE,FALSE
4,206.3333333,0,0,20,917.35,0,0.008333333,23.83323089,0,Mar,4,2,1,2,Returning_Visitor,TRUE,TRUE
3,67,0,0,12,353,0,0.015384615,0,0,Mar,2,2,3,2,New_Visitor,FALSE,FALSE
0,0,0,0,2,27,0,0.1,0,0,Mar,4,1,4,2,Returning_Visitor,FALSE,FALSE
0,0,0,0,2,0,0.2,0.2,0,0,Mar,1,1,1,1,Returning_Visitor,FALSE,FALSE
3,242,0,0,12,286,0,0.014285714,0,0,Mar,1,1,1,2,New_Visitor,TRUE,FALSE
0,0,0,0,6,835.8333333,0.033333333,0.066666667,0,0,Mar,1,1,1,1,Returning_Visitor,FALSE,FALSE
7,217.8333333,1,23.5,18,338.1272727,0,0.014393939,0,0,Mar,3,2,1,10,Returning_Visitor,FALSE,FALSE
0,0,0,0,2,22,0,0.1,0,0,Mar,2,2,1,1,Returning_Visitor,FALSE,FALSE
2,136.6666667,1,9.5,20,1572.571429,0,0.015873016,0,0,Mar,3,2,3,1,Returning_Visitor,FALSE,FALSE
12,739.2091954,1,16,21,1321.059195,0.009032258,0.025133361,78.34560177,0,Mar,2,2,1,8,Returning_Visitor,FALSE,TRUE
0,0,0,0,2,0,0.2,0.2,0,0,Mar,1,2,1,1,Returning_Visitor,FALSE,FALSE
0,0,0,0,2,187,0.1,0.15,0,0,Mar,3,2,1,3,Returning_Visitor,FALSE,FALSE
4,33,0,0,19,502.4583333,0,0.011904762,0,0,Mar,2,2,1,1,Returning_Visitor,FALSE,FALSE
0,0,0,0,1,0,0.2,0.2,0,0,Mar,1,1,8,1,Returning_Visitor,FALSE,FALSE
3,14,0,0,20,1424.928571,0.01,0.022222222,0,0,Mar,2,2,1,1,Returning_Visitor,FALSE,FALSE
4,68.5,2,845,82,2448.784448,0.000374532,0.008907697,6.506831398,0,Mar,1,1,2,2,Returning_Visitor,FALSE,TRUE
5,91.83333333,0,0,32,1480.666667,0,0.006857143,0,0,Mar,1,1,1,3,Returning_Visitor,TRUE,FALSE
1,31,0,0,6,25.5,0.066666667,0.083333333,0,0,Mar,3,2,3,1,Returning_Visitor,FALSE,FALSE
0,0,0,0,5,236,0,0.04,0,0,Mar,1,1,6,1,Returning_Visitor,FALSE,FALSE
2,58,0,0,50,952.4345238,0,0.011538462,2.179730769,0,Mar,4,2,2,11,Returning_Visitor,TRUE,TRUE
0,0,0,0,5,182,0,0.04,0,0,Mar,3,2,6,1,Returning_Visitor,FALSE,FALSE
0,0,0,0,24,854.3333333,0,0.008333333,0,0,Mar,4,1,1,10,Returning_Visitor,FALSE,FALSE
0,0,0,0,3,39,0,0.022222222,0,0,Mar,2,2,1,3,Returning_Visitor,FALSE,FALSE
0,0,0,0,15,1332.833333,0.014285714,0.005714286,0,0,Mar,2,5,4,2,Returning_Visitor,TRUE,FALSE
5,89.75,0,0,16,467.9166667,0.011111111,0.016666667,0,0,Mar,3,2,4,2,Returning_Visitor,TRUE,FALSE
1,9.5,0,0,25,674.25,0,0.017307692,0,0,Mar,2,2,7,2,Returning_Visitor,FALSE,FALSE
9,165.5,0,0,50,2207.391667,0.001724138,0.009972955,15.30003763,0,Mar,1,1,4,3,Returning_Visitor,TRUE,FALSE
0,0,0,0,10,300,0,0.05,0,0,Mar,2,2,1,1,Returning_Visitor,FALSE,FALSE
0,0,0,0,1,0,0.2,0.2,0,0,Mar,1,1,4,1,Returning_Visitor,FALSE,FALSE
0,0,0,0,6,177.5,0.033333333,0.044444444,0,0,Mar,2,2,8,1,Returning_Visitor,FALSE,FALSE
0,0,0,0,34,311.5,0,0.011764706,0,0,Mar,2,2,4,1,Returning_Visitor,FALSE,FALSE
3,57,0,0,15,486.5166667,0,0.011111111,0,0,Mar,2,2,5,6,Returning_Visitor,FALSE,FALSE
0,0,1,255,15,1418.25,0,0.00625,0,0,Mar,2,2,3,1,Returning_Visitor,FALSE,FALSE
1,13,0,0,10,391.85,0.018055556,0.046984127,0,0,Mar,3,2,4,3,Returning_Visitor,TRUE,FALSE
3,63,0,0,10,142.6666667,0,0.015384615,0,0,Mar,2,2,7,2,New_Visitor,TRUE,FALSE
3,134,0,0,53,1659.319697,0,0.00380117,62.34813701,0,Mar,4,1,1,2,Returning_Visitor,FALSE,TRUE
0,0,0,0,1,0,0.2,0.2,0,0,Mar,3,2,3,1,Returning_Visitor,TRUE,FALSE
0,0,0,0,1,0,0.2,0.2,0,0,Mar,2,2,1,1,Returning_Visitor,FALSE,FALSE
0,0,0,0,59,1560.601163,0.005172414,0.010673235,0,0,Mar,1,1,1,2,Returning_Visitor,FALSE,FALSE
2,34,0,0,65,1451.227362,0.003030303,0.008492896,0,0,Mar,2,2,1,1,Returning_Visitor,FALSE,FALSE
4,67.07142857,0,0,21,2588.958333,0,0.011041667,0,0,Mar,3,2,2,8,New_Visitor,TRUE,FALSE
0,0,0,0,1,0,0.2,0.2,0,0,Mar,2,2,1,1,Returning_Visitor,FALSE,FALSE
0,0,0,0,3,80,0,0.033333333,0,0,Mar,3,2,1,10,Returning_Visitor,TRUE,FALSE
0,0,0,0,1,0,0.2,0.2,0,0,Mar,2,2,9,2,New_Visitor,TRUE,FALSE
8,87.5,0,0,31,496.5833333,0.005405405,0.012612613,3.889459459,0,Mar,2,2,7,2,Returning_Visitor,FALSE,TRUE
1,22,0,0,21,678.2738095,0,0.012878788,0,0,Mar,3,2,1,2,New_Visitor,FALSE,FALSE
0,0,0,0,4,55,0,0.05,0,0,Mar,2,2,1,1,Returning_Visitor,FALSE,FALSE
0,0,0,0,4,34,0.1,0.15,0,0,Mar,3,2,6,1,Returning_Visitor,FALSE,FALSE
1,17.5,0,0,8,163,0,0.011111111,0,0,Mar,3,2,1,2,New_Visitor,TRUE,FALSE
0,0,0,0,7,286.5,0,0.042857143,0,0,Mar,3,3,3,1,Returning_Visitor,FALSE,FALSE
0,0,0,0,20,1395.258333,0,0.011111111,0,0,Mar,1,1,1,9,New_Visitor,TRUE,FALSE
1,14,0,0,10,90,0,0.018181818,0,0,Mar,2,2,2,10,New_Visitor,FALSE,FALSE
5,69.33333333,1,0,5,142,0,0.022222222,0,0,Mar,2,2,3,2,New_Visitor,FALSE,FALSE
2,148,0,0,9,416.6666667,0,0.004545455,0,0,Mar,3,2,6,2,New_Visitor,TRUE,FALSE
1,85,4,208.5,12,413.8,0,0.003921569,0,0,Mar,1,1,1,2,Returning_Visitor,FALSE,FALSE
0,0,0,0,2,403,0.1,0.15,0,0,Mar,2,10,3,3,Returning_Visitor,FALSE,FALSE
0,0,0,0,6,106,0.1,0.116666667,0,0,Mar,3,2,1,1,Returning_Visitor,TRUE,FALSE
4,103,1,41,16,515,0,0.010526316,0,0,Mar,3,2,3,6,Returning_Visitor,TRUE,FALSE
0,0,0,0,26,392,0.007692308,0.030128205,0,0,Mar,2,2,4,1,Returning_Visitor,FALSE,FALSE
0,0,0,0,1,0,0.2,0.2,0,0,Mar,2,4,3,1,Returning_Visitor,FALSE,FALSE
2,33,0,0,25,1720,0,0.007692308,60.29018448,0,Mar,2,5,3,1,Returning_Visitor,FALSE,TRUE
1,69.5,0,0,8,226.5,0,0.0125,0,0,Mar,3,2,1,13,Returning_Visitor,FALSE,FALSE
0,0,0,0,10,130.1666667,0.055555556,0.083333333,26.66133333,0,Mar,3,2,1,8,Returning_Visitor,FALSE,FALSE
7,77.5,0,0,14,192.9333333,0,0.013333333,0,0,Mar,2,2,1,1,Returning_Visitor,FALSE,FALSE
4,171,0,0,20,745.3333333,0.00952381,0.028571429,0,0,Mar,2,2,1,10,Returning_Visitor,FALSE,FALSE
2,94,0,0,5,97,0,0.033333333,0,0,Mar,3,3,1,10,Returning_Visitor,FALSE,FALSE
0,0,0,0,4,233,0.05,0.075,0,0,Mar,2,4,2,1,Returning_Visitor,FALSE,FALSE
7,64.14285714,1,0,20,1409.809524,0.008695652,0.035507246,0,0,Mar,3,2,3,2,Returning_Visitor,FALSE,FALSE
0,0,0,0,12,448.5,0,0.033333333,0,0,Mar,2,2,1,2,Returning_Visitor,FALSE,FALSE
0,0,0,0,6,73.75,0.033333333,0.044444444,0,0,Mar,3,2,3,2,Returning_Visitor,FALSE,FALSE
4,143,1,20.5,10,386.15,0,0.015384615,64.6,0,Mar,1,1,7,8,Returning_Visitor,FALSE,TRUE
1,26,0,0,16,638.8333333,0,0.0125,20.26155684,0,Mar,2,4,2,2,New_Visitor,FALSE,FALSE
3,221,0,0,17,489.5833333,0,0.011764706,0,0,Mar,1,1,1,3,New_Visitor,TRUE,FALSE
1,10,0,0,23,660.8166667,0,0.025,0,0,Mar,2,4,1,3,Returning_Visitor,TRUE,FALSE
4,118,3,67,44,1489.144444,0.004081633,0.014693878,0,0,Mar,3,2,6,1,Returning_Visitor,TRUE,FALSE
1,0,0,0,20,2270.833333,0,0.023809524,10.23187302,0,Mar,2,2,3,6,Returning_Visitor,FALSE,TRUE
1,38,0,0,12,121,0.028571429,0.025,0,0,Mar,3,2,4,2,Returning_Visitor,FALSE,FALSE
0,0,0,0,15,296,0,0.04,0,0,Mar,2,5,2,3,Returning_Visitor,FALSE,FALSE
3,124,0,0,0,0,0,0.033333333,0,0,Mar,3,2,6,3,Returning_Visitor,FALSE,FALSE
0,0,0,0,12,481.8333333,0,0.018181818,74.088,0,Mar,1,1,1,2,New_Visitor,FALSE,TRUE
2,117,0,0,13,309.9333333,0,0.013333333,0,0,Mar,2,2,2,2,New_Visitor,FALSE,FALSE
0,0,0,0,7,55,0.057142857,0.114285714,0,0,Mar,2,2,1,1,Returning_Visitor,FALSE,FALSE
2,75,0,0,14,851,0,0.014285714,22.88908649,0,Mar,1,1,1,2,New_Visitor,TRUE,TRUE
0,0,0,0,1,0,0.2,0.2,0,0,Mar,3,2,3,1,Returning_Visitor,FALSE,FALSE
0,0,0,0,3,55,0.066666667,0.1,0,0,Mar,3,2,3,3,Returning_Visitor,FALSE,FALSE
0,0,0,0,7,88.33333333,0,0.042857143,0,0,Mar,2,2,1,1,Returning_Visitor,FALSE,FALSE
2,94,0,0,25,893.1,0,0.009615385,0,0,Mar,2,4,4,1,Returning_Visitor,FALSE,FALSE
3,219,0,0,12,526.3333333,0.022222222,0.058571429,0,0,Mar,1,1,3,1,Returning_Visitor,FALSE,FALSE
2,45,0,0,26,535.3459596,0.007407407,0.01051332,0,0,Mar,2,4,3,10,Returning_Visitor,FALSE,FALSE
3,60.83333333,0,0,18,884.6333333,0.021052632,0.041140351,0,0,Mar,2,2,3,10,Returning_Visitor,FALSE,FALSE
0,0,0,0,2,24,0,0.05,0,0,Mar,3,2,3,3,Returning_Visitor,FALSE,FALSE
0,0,3,100,22,2175.993651,0.01,0.049312469,0,0,Mar,2,2,3,1,Returning_Visitor,FALSE,FALSE
2,14,0,0,8,57,0,0.057142857,0,0,Mar,1,2,4,8,New_Visitor,FALSE,FALSE
0,0,0,0,28,1028.116667,0,0.008928571,0,0,Mar,2,4,1,2,Returning_Visitor,FALSE,FALSE
0,0,0,0,4,93,0,0.1,0,0,Mar,2,2,9,6,Returning_Visitor,FALSE,FALSE
8,182.6480519,6,291.5,35,1373.464719,0.001550388,0.018148931,14.322,0,Mar,2,2,6,2,Returning_Visitor,FALSE,FALSE
8,154.2916667,0,0,34,991.3678571,0.005263158,0.01443609,10.93482456,0,Mar,2,2,2,2,Returning_Visitor,FALSE,FALSE
0,0,0,0,1,1,0,0.1,0,0,Mar,2,2,2,1,Returning_Visitor,FALSE,FALSE
0,0,0,0,7,147.25,0.028571429,0.045714286,0,0,Mar,1,1,6,3,Returning_Visitor,FALSE,FALSE
0,0,0,0,2,0,0.2,0.2,0,0,Mar,3,2,4,1,Returning_Visitor,FALSE,FALSE
0,0,0,0,1,0,0.2,0.2,0,0,Mar,2,2,1,1,Returning_Visitor,FALSE,FALSE
0,0,0,0,9,1225.5,0.022222222,0.044444444,0,0,Mar,1,2,9,1,Returning_Visitor,FALSE,FALSE
0,0,0,0,3,183,0,0.066666667,0,0,Mar,1,1,1,1,Returning_Visitor,TRUE,FALSE
0,0,0,0,10,250.8,0,0.01,0,0,Mar,2,2,4,3,Returning_Visitor,FALSE,FALSE
2,17,1,105,9,148.25,0.02,0.022,0,0,Mar,3,2,1,1,Returning_Visitor,FALSE,FALSE
2,32,1,70,16,504.0833333,0.005714286,0.019047619,9.543060317,0,Mar,2,2,3,8,Returning_Visitor,FALSE,FALSE
0,0,0,0,43,1650.416667,0,0.003875969,0,0,Mar,2,2,7,3,Returning_Visitor,TRUE,FALSE
0,0,1,0,28,2743.216667,0.020689655,0.042528736,0,0,Mar,2,5,2,1,Returning_Visitor,FALSE,FALSE
5,108.2,0,0,37,1288.533333,0.005263158,0.028070175,0,0,Mar,2,2,1,1,Returning_Visitor,FALSE,FALSE
0,0,0,0,15,447.5,0.03,0.065333333,0,0,Mar,3,2,4,1,Returning_Visitor,TRUE,FALSE
10,1559.75,1,7,41,1663.761905,0.004347826,0.015942029,13.63463318,0,Mar,1,1,1,2,Returning_Visitor,FALSE,TRUE
5,249.1666667,0,0,22,1165.583333,0,0.001242236,0,0,Mar,2,2,8,2,New_Visitor,FALSE,FALSE
2,37,0,0,3,17,0,0.05,0,0,Mar,3,2,1,2,New_Visitor,TRUE,FALSE
1,0,1,60.5,46,1038.916667,0.021276596,0.039007092,13.10326241,0,Mar,2,2,6,1,Returning_Visitor,FALSE,TRUE
0,0,0,0,12,249.5,0.005555556,0.025,0,0,Mar,2,7,7,1,Returning_Visitor,FALSE,FALSE
5,65,2,34,17,1302.5,0,0.016666667,0,0,Mar,1,1,1,10,Returning_Visitor,FALSE,FALSE
0,0,0,0,10,172.5,0.01,0.043333333,0,0,Mar,2,2,3,6,Returning_Visitor,FALSE,FALSE
6,143.1666667,0,0,50,925.947619,0,0.010160428,13.60512012,0,Mar,2,2,1,2,Returning_Visitor,FALSE,TRUE
4,66.33333333,2,58.16666667,38,1524.702381,0,0.006628788,0,0,Mar,2,2,3,2,New_Visitor,TRUE,FALSE
4,14,0,0,13,288,0.0125,0.0375,0,0,Mar,1,1,4,2,Returning_Visitor,TRUE,FALSE
0,0,0,0,1,0,0.2,0.2,0,0,Mar,2,2,1,1,Returning_Visitor,TRUE,FALSE
0,0,2,31,3,47,0.04,0.08,0,0,Mar,1,1,6,1,Returning_Visitor,TRUE,FALSE
0,0,0,0,1,0,0.2,0.2,0,0,Mar,2,2,3,1,Returning_Visitor,FALSE,FALSE
0,0,0,0,4,63,0,0.05,0,0,Mar,1,1,2,3,Returning_Visitor,FALSE,FALSE
0,0,0,0,13,1476.3,0.007692308,0.012820513,0,0,Mar,2,2,3,8,Returning_Visitor,FALSE,FALSE
0,0,0,0,9,685,0,0.022222222,0,0,Mar,2,2,7,1,Returning_Visitor,FALSE,FALSE
5,102.5333333,0,0,74,2396.690316,0.002699055,0.020349845,15.03328131,0,Mar,2,5,6,1,Returning_Visitor,FALSE,FALSE
0,0,0,0,7,451.8333333,0.028571429,0.076190476,0,0,Mar,3,2,1,3,Returning_Visitor,TRUE,FALSE
0,0,0,0,25,1512.52381,0,0.024,0,0,Mar,2,2,3,11,Returning_Visitor,FALSE,FALSE
1,85,0,0,14,306.5,0,0.004444444,0,0,Mar,2,2,3,2,Returning_Visitor,FALSE,FALSE
0,0,0,0,5,62,0.12,0.14,0,0,Mar,3,2,3,1,Returning_Visitor,FALSE,FALSE
6,197.8,0,0,48,3332.293511,0,0.007847222,11.45469444,0,Mar,1,1,1,3,Returning_Visitor,FALSE,FALSE
1,63,1,0,22,2815.416667,0,0.0125,0,0,Mar,2,2,3,2,Returning_Visitor,FALSE,FALSE
3,31.5,0,0,13,956.5,0,0.04,0,0,Mar,2,2,1,13,Returning_Visitor,FALSE,FALSE
7,81.25,0,0,37,1500.422543,0.014634146,0.015338753,39.03580426,0,Mar,2,4,1,2,Returning_Visitor,FALSE,FALSE
0,0,0,0,20,2271,0,0.025,0,0,Mar,2,2,1,1,Returning_Visitor,FALSE,FALSE
2,120,0,0,8,588.1666667,0,0.007407407,0,0,Mar,1,1,1,2,Returning_Visitor,FALSE,FALSE
4,149.25,0,0,27,1212.809524,0,0.020967742,14.89210837,0,Mar,2,2,7,2,Returning_Visitor,FALSE,TRUE
5,172.2,0,0,23,792.7222222,0,0.010714286,261.4912857,0,Mar,2,2,1,8,New_Visitor,FALSE,TRUE
5,523.9166667,2,21,25,439.5238095,0,0.023333333,0,0,Mar,2,2,7,2,Returning_Visitor,FALSE,FALSE
0,0,0,0,2,5,0,0.1,0,0,Mar,2,2,1,2,Returning_Visitor,FALSE,FALSE
1,19,0,0,22,525.2666667,0,0.007709751,0,0,Mar,3,2,7,1,Returning_Visitor,FALSE,FALSE
11,377.8333333,0,0,40,1337.842794,0.008695652,0.022304507,0,0,Mar,3,2,3,3,Returning_Visitor,TRUE,FALSE
4,129.4166667,3,62,43,1770.625,0.004255319,0.015153664,0,0,Mar,2,5,6,2,Returning_Visitor,FALSE,FALSE
9,298.6666667,0,0,27,1084.5,0,0.010784314,22.96411765,0,Mar,2,2,1,8,New_Visitor,FALSE,FALSE
0,0,0,0,1,0,0.2,0.2,0,0,Mar,2,2,7,1,Returning_Visitor,TRUE,FALSE
0,0,0,0,93,4261.842857,0.002930403,0.021080839,0,0,Mar,3,3,8,1,Returning_Visitor,FALSE,FALSE
3,59,0,0,29,527.2083333,0,0.011330049,0,0,Mar,2,4,1,6,Returning_Visitor,FALSE,FALSE
0,0,0,0,4,0,0.2,0.2,0,0,Mar,2,2,3,1,Returning_Visitor,FALSE,FALSE
0,0,0,0,7,110,0.057142857,0.142857143,0,0,Mar,3,2,8,1,Returning_Visitor,FALSE,FALSE
0,0,0,0,15,1733.666667,0,0.026666667,0,0,Mar,2,2,7,2,Returning_Visitor,FALSE,FALSE
1,5,0,0,12,306,0,0.02,0,0,Mar,2,2,6,8,Returning_Visitor,FALSE,FALSE
0,0,0,0,2,62,0,0.05,0,0,Mar,1,1,2,10,Returning_Visitor,FALSE,FALSE
0,0,0,0,2,5,0,0.1,0,0,Mar,2,2,3,1,Returning_Visitor,FALSE,FALSE
0,0,0,0,14,198.5221501,0.001230769,0.06797235,0,0,Mar,1,1,9,1,Returning_Visitor,FALSE,FALSE
0,0,0,0,17,504,0,0.02125,33.32796813,0,Mar,2,2,3,1,Returning_Visitor,FALSE,FALSE
24,876.2333333,5,625.5,34,1588.666667,0,0.013800705,0,0,Mar,2,2,5,2,Returning_Visitor,FALSE,FALSE
1,95.5,0,0,7,381.5,0,0.025,0,0,Mar,1,1,3,2,Returning_Visitor,TRUE,FALSE
6,129.75,0,0,42,1173.07,0,0.005319149,18.95323404,0,Mar,2,2,3,8,New_Visitor,TRUE,TRUE
6,408.2,0,0,33,878.6238095,0,0.02045045,19.3654955,0,Mar,2,2,1,2,Returning_Visitor,FALSE,TRUE
0,0,1,0,35,1928,0.008333333,0.023611111,0,0,Mar,2,5,8,1,Returning_Visitor,TRUE,FALSE
0,0,0,0,5,83,0.04,0.06,0,0,Mar,2,2,1,13,Returning_Visitor,FALSE,FALSE
0,0,0,0,1,0,0.2,0.2,0,0,Mar,1,1,1,3,Returning_Visitor,TRUE,FALSE
2,24.42857143,7,278.1666667,76,2735.728571,0.002439024,0.024843206,8.631719512,0,Mar,2,5,2,7,Returning_Visitor,FALSE,TRUE
4,52.33333333,1,239,14,337.5,0,0.011764706,0,0,Mar,2,5,1,2,Returning_Visitor,FALSE,FALSE
0,0,0,0,1,0,0.2,0.2,0,0,Mar,3,2,1,3,Returning_Visitor,FALSE,FALSE
10,382.8333333,4,319.3,72,4163.797619,0.000297619,0.010912698,12.0921619,0,Mar,2,2,6,2,Returning_Visitor,FALSE,TRUE
0,0,1,65,15,1728.321429,0.014285714,0.016428571,0,0,Mar,1,1,6,1,Returning_Visitor,FALSE,FALSE
0,0,0,0,6,255,0,0.008333333,0,0,Mar,1,2,8,2,Returning_Visitor,TRUE,FALSE
0,0,0,0,13,449.6,0,0.015384615,0,0,Mar,3,2,1,10,Returning_Visitor,FALSE,FALSE
1,27.5,0,0,11,243.6666667,0,0.018181818,0,0,Mar,3,2,1,3,Returning_Visitor,FALSE,FALSE
6,475,0,0,33,2760.716667,0.038596491,0.056282051,0,0,Mar,4,2,1,13,Returning_Visitor,FALSE,FALSE
2,6,0,0,42,1503.25,0.001550388,0.031007752,0,0,Mar,2,2,6,1,Returning_Visitor,FALSE,FALSE
2,210,0,0,10,591.1666667,0.02,0.016,0,0,Mar,3,2,1,2,Returning_Visitor,FALSE,FALSE
2,31.5,0,0,12,402.5,0,0.0025,0,0,Mar,2,2,7,1,Returning_Visitor,FALSE,FALSE
5,46,1,17,33,1540.583333,0,0.01547619,10.84440741,0,Mar,2,2,2,2,Returning_Visitor,TRUE,FALSE
9,546,0,0,28,1561.083333,0.01,0.03,3.810575284,0,Mar,2,2,7,10,Returning_Visitor,FALSE,TRUE
1,47.5,0,0,15,1330.3,0,0.005128205,0,0,Mar,2,4,2,10,Returning_Visitor,FALSE,FALSE
0,0,0,0,2,42,0,0.05,0,0,Mar,2,2,6,3,Returning_Visitor,FALSE,FALSE
0,0,0,0,5,360.75,0,0.04,0,0,Mar,2,4,3,1,Returning_Visitor,FALSE,FALSE
3,48.33333333,0,0,15,245.5,0.014285714,0.028571429,0,0,Mar,3,2,3,1,Returning_Visitor,FALSE,FALSE
0,0,0,0,4,7,0,0.05,0,0,Mar,2,2,1,1,Returning_Visitor,FALSE,FALSE
3,28.5,0,0,15,608.4166667,0,0.035294118,0,0,Mar,2,5,1,3,Returning_Visitor,FALSE,FALSE
0,0,0,0,18,708.25,0,0.045098039,0,0,Mar,1,1,1,3,Returning_Visitor,FALSE,FALSE
1,30,0,0,7,157.5,0,0.025,0,0,Mar,2,2,3,3,New_Visitor,FALSE,FALSE
2,16,0,0,33,1123.242857,0.006060606,0.021969697,11.12342124,0,Mar,2,2,3,13,Returning_Visitor,FALSE,FALSE
0,0,0,0,19,926.6333333,0.011111111,0.02962963,0,0,Mar,2,2,2,1,Returning_Visitor,TRUE,FALSE
0,0,0,0,39,2808.666667,0,0.01025641,0,0,Mar,2,2,1,10,Returning_Visitor,FALSE,FALSE
0,0,0,0,26,1685.266667,0.007692308,0.034615385,0,0,Mar,2,2,6,3,Returning_Visitor,TRUE,FALSE
1,10,1,0,69,2124.726768,0.002898551,0.009090177,0,0,Mar,2,2,2,1,Returning_Visitor,FALSE,FALSE
3,79,0,0,38,1272.916667,0.004878049,0.020139373,9.401136585,0,Mar,2,4,2,2,Returning_Visitor,FALSE,FALSE
2,18,0,0,30,474.5,0,0.003225806,0,0,Mar,1,1,3,2,Returning_Visitor,TRUE,FALSE
7,250.3333333,0,0,7,180.3333333,0,0.02,0,0,Mar,2,2,1,2,New_Visitor,TRUE,FALSE
2,77,0,0,43,1607.297619,0.002272727,0.015909091,0,0,Mar,2,2,1,2,Returning_Visitor,FALSE,FALSE
2,12,0,0,8,60,0,0.02,0,0,Mar,2,2,3,2,New_Visitor,TRUE,FALSE
6,77.33333333,1,52.33333333,6,126.6666667,0,0.016666667,0,0,Mar,1,1,1,2,Returning_Visitor,FALSE,FALSE
0,0,0,0,7,865.2777778,0,0.029004329,0,0,Mar,1,1,1,10,Returning_Visitor,FALSE,FALSE
0,0,0,0,49,2612.357143,0,0.00952381,0,0,Mar,2,2,1,1,Returning_Visitor,FALSE,FALSE
0,0,0,0,22,850.2083333,0,0.016666667,0,0,Mar,1,1,1,2,Returning_Visitor,FALSE,FALSE
4,63.33333333,0,0,13,556.6666667,0,0.001666667,27.3063666,0,Mar,1,1,1,2,Returning_Visitor,FALSE,TRUE
0,0,0,0,9,186.7,0,0.022222222,0,0,Mar,2,2,1,2,Returning_Visitor,TRUE,FALSE
7,108.6666667,6,853.75,194,6737.271825,0.000123762,0.006138614,0,0,Mar,2,5,1,3,Returning_Visitor,TRUE,FALSE
0,0,0,0,24,1762.25,0.008333333,0.016666667,0,0,Mar,2,2,2,1,Returning_Visitor,FALSE,FALSE
7,230.1666667,3,222,140,8961.407671,0.00137931,0.012980564,0,0,Mar,2,5,2,1,Returning_Visitor,TRUE,FALSE
1,3,0,0,14,128,0,0.028571429,0,0,Mar,2,2,1,2,Returning_Visitor,FALSE,FALSE
0,0,0,0,8,213.5,0,0.05,0,0,Mar,2,5,1,1,Returning_Visitor,TRUE,FALSE
0,0,0,0,21,849.8833333,0.012698413,0.032063492,0,0,Mar,1,1,1,1,Returning_Visitor,FALSE,FALSE
0,0,0,0,1,0,0.2,0.2,0,0,Mar,2,2,2,3,Returning_Visitor,FALSE,FALSE
2,15,0,0,13,77,0.014285714,0.028571429,0,0,Mar,2,2,9,1,Returning_Visitor,FALSE,FALSE
0,0,0,0,2,73,0.05,0.15,0,0,Mar,2,2,1,1,Returning_Visitor,FALSE,FALSE
0,0,0,0,8,316,0,0.019047619,0,0,Mar,1,1,1,2,New_Visitor,TRUE,FALSE
1,18,4,123.5,24,4114.083333,0,0.003571429,20.91831644,0,Mar,1,1,1,2,New_Visitor,FALSE,TRUE
1,5.5,1,12,54,1470.966667,0.009090909,0.024545455,0,0,Mar,3,2,4,2,Returning_Visitor,FALSE,FALSE
0,0,0,0,7,451,0,0.033333333,49.82333333,0,Mar,2,2,4,1,New_Visitor,FALSE,TRUE
0,0,0,0,3,48,0,0.033333333,0,0,Mar,2,2,5,1,Returning_Visitor,TRUE,FALSE
0,0,0,0,3,189,0,0.066666667,0,0,Mar,3,2,8,1,Returning_Visitor,FALSE,FALSE
0,0,0,0,27,780.1666667,0,0.022222222,0,0,Mar,2,4,3,2,Returning_Visitor,FALSE,FALSE
3,79.75,0,0,3,73.5,0.04,0.077777778,0,0,Mar,3,2,1,2,Returning_Visitor,FALSE,FALSE
2,60,0,0,20,717.6166667,0,0.004761905,60.19477937,0,Mar,2,5,9,2,Returning_Visitor,FALSE,TRUE
11,2047.234848,9,1146.666667,45,3641.213151,0.002636535,0.014311471,7.753880158,0,Mar,2,2,1,2,Returning_Visitor,FALSE,TRUE
0,0,0,0,1,0,0.2,0.2,0,0,Mar,2,2,1,1,Returning_Visitor,FALSE,FALSE
3,14.5,0,0,25,1040.75,0,0.024266667,0,0,Mar,4,1,1,2,Returning_Visitor,TRUE,FALSE
1,11.42857143,0,0,13,833.2333333,0,0.005555556,0,0,Mar,2,2,3,2,Returning_Visitor,TRUE,FALSE
0,0,0,0,1,0,0.2,0.2,0,0,Mar,2,2,7,1,Returning_Visitor,FALSE,FALSE
3,32,0,0,20,453.625,0,0.001058201,0,0,Mar,2,2,1,2,New_Visitor,TRUE,FALSE
0,0,0,0,5,51.25,0,0.02,0,0,Mar,3,2,1,1,Returning_Visitor,FALSE,FALSE
11,348.6547619,1,11,64,1229.289286,0,0.002493853,54.95126905,0,Mar,2,2,1,2,New_Visitor,FALSE,FALSE
0,0,0,0,28,1202,0,0.014285714,0,0,Mar,2,2,1,10,Returning_Visitor,FALSE,FALSE
0,0,0,0,4,538,0,0.075,0,0,Mar,1,1,4,3,Returning_Visitor,TRUE,FALSE
7,187.8333333,0,0,36,1775.516667,0,0.0089599,4.745736842,0,Mar,1,1,1,10,Returning_Visitor,FALSE,TRUE
1,9,0,0,7,638,0.0375,0.045833333,0,0,Mar,1,1,1,3,Returning_Visitor,FALSE,FALSE
5,184.3333333,1,108,10,558.8,0,0.014285714,0,0,Mar,3,2,7,8,New_Visitor,FALSE,FALSE
0,0,0,0,3,190,0.033333333,0.1,0,0,Mar,2,2,4,1,Returning_Visitor,FALSE,FALSE
2,66,1,0,10,302,0.042857143,0.05952381,19.53495497,0,Mar,2,6,3,2,Returning_Visitor,FALSE,TRUE
0,0,0,0,5,164,0.04,0.04,0,0,Mar,3,2,1,1,Returning_Visitor,FALSE,FALSE
0,0,0,0,5,218,0,0.04,0,0,Mar,2,2,1,2,Returning_Visitor,FALSE,FALSE
2,124,0,0,13,495,0,0.028571429,0,0,Mar,2,4,5,1,Returning_Visitor,FALSE,FALSE
0,0,0,0,2,30,0,0.1,0,0,Mar,3,2,4,1,Returning_Visitor,FALSE,FALSE
2,69,2,92,37,796.9571429,0,0.0242741,3.978276423,0,Mar,2,2,7,2,Returning_Visitor,FALSE,TRUE
1,41,0,0,9,314.9,0,0.04,0,0,Mar,1,1,6,9,New_Visitor,TRUE,FALSE
2,14,0,0,49,789.9583333,0.004166667,0.015097222,0,0,Mar,3,2,7,1,Returning_Visitor,FALSE,FALSE
0,0,0,0,19,422.8333333,0.010526316,0.045614035,0,0,Mar,2,2,1,3,Returning_Visitor,FALSE,FALSE
0,0,0,0,7,362,0,0.028571429,0,0,Mar,2,2,1,1,Returning_Visitor,FALSE,FALSE
0,0,0,0,18,628.8333333,0,0.005555556,0,0,Mar,1,1,2,2,Returning_Visitor,TRUE,FALSE
1,24,1,239,11,839.5,0.016666667,0.05,0,0,Mar,1,1,4,2,Returning_Visitor,FALSE,FALSE
0,0,0,0,31,5764.366667,0.032258065,0.055591398,0,0,Mar,2,2,7,10,Returning_Visitor,FALSE,FALSE
0,0,0,0,3,161,0,0.066666667,0,0,Mar,2,2,1,1,Returning_Visitor,FALSE,FALSE
1,6,0,0,20,739.8333333,0.019047619,0.030952381,0,0,Mar,2,2,3,3,Returning_Visitor,TRUE,FALSE
0,0,0,0,5,66,0,0.053333333,0,0,Mar,1,2,3,3,Returning_Visitor,FALSE,FALSE
1,412,0,0,54,2377,0,0.005090909,0,0,Mar,2,2,9,10,Returning_Visitor,FALSE,FALSE
0,0,0,0,2,22,0,0.1,0,0,Mar,2,2,3,1,Returning_Visitor,FALSE,FALSE
0,0,0,0,9,381,0,0.025,0,0,Mar,2,2,6,2,New_Visitor,FALSE,FALSE
14,1130.502941,6,261.6333333,26,2559.898333,0.015789474,0.017422643,20.30438949,0,Mar,1,2,1,2,Returning_Visitor,FALSE,FALSE
0,0,0,0,23,553.15,0.034782609,0.069565217,0,0,Mar,2,2,3,1,Returning_Visitor,FALSE,FALSE
0,0,0,0,37,651,0.005405405,0.018918919,0,0,Mar,2,2,3,1,Returning_Visitor,FALSE,FALSE
0,0,0,0,1,0,0.2,0.2,0,0,Mar,2,2,7,1,Returning_Visitor,FALSE,FALSE
0,0,3,65,15,1957.616667,0,0.00625,0,0,Mar,1,1,1,1,Returning_Visitor,TRUE,FALSE
0,0,0,0,2,0,0.2,0.2,0,0,Mar,2,2,6,1,Returning_Visitor,FALSE,FALSE
5,132.4666667,0,0,59,1660.222222,0,0.011753515,6.475910157,0,Mar,3,2,2,1,Returning_Visitor,FALSE,FALSE
0,0,0,0,8,170,0.075,0.08,0,0,Mar,1,1,7,3,Returning_Visitor,TRUE,FALSE
0,0,0,0,4,47,0.1,0.125,0,0,Mar,2,2,1,3,Returning_Visitor,TRUE,FALSE
0,0,0,0,7,165,0.042857143,0.1,0,0,Mar,2,2,2,3,Returning_Visitor,FALSE,FALSE
1,4,0,0,0,0,0,0.066666667,0,0,Mar,4,1,8,6,Returning_Visitor,FALSE,FALSE
0,0,0,0,14,406.8666667,0,0.007142857,0,0,Mar,2,4,1,1,Returning_Visitor,FALSE,FALSE
4,82,0,0,23,570.5166667,0.007407407,0.024074074,0,0,Mar,1,2,7,8,Returning_Visitor,FALSE,FALSE
0,0,0,0,37,1138.5,0,0.013513514,0,0,Mar,2,2,1,8,Returning_Visitor,FALSE,FALSE
0,0,0,0,63,2777.616667,0,0.014086022,0,0,Mar,2,2,3,1,Returning_Visitor,FALSE,FALSE
5,73.5,0,0,26,463.7583333,0,0.001346801,0,0,Mar,2,2,3,2,New_Visitor,FALSE,FALSE
0,0,0,0,1,0,0.2,0.2,0,0,Mar,3,3,1,3,Returning_Visitor,TRUE,FALSE
4,25.5,0,0,28,775.5,0.006451613,0.027915633,24.13073118,0,Mar,2,2,4,2,Returning_Visitor,FALSE,FALSE
2,236,0,0,18,490.0666667,0,0.013333333,0,0,Mar,1,1,4,1,Returning_Visitor,FALSE,FALSE
0,0,0,0,14,266.0166667,0,0.042857143,0,0,Mar,3,2,1,1,Returning_Visitor,TRUE,FALSE
0,0,0,0,5,1306,0.06,0.12,0,0,Mar,2,2,5,13,Returning_Visitor,FALSE,FALSE
4,158.3333333,1,9,9,634.2,0.005555556,0.008095238,0,0,Mar,3,2,1,1,Returning_Visitor,TRUE,FALSE
0,0,0,0,1,0,0,0.2,0,0,Mar,2,2,1,1,Returning_Visitor,FALSE,FALSE
6,187,0,0,22,1220.433333,0.007692308,0.01025641,0,0,Mar,2,2,3,1,Returning_Visitor,FALSE,FALSE
8,206,3,132,39,1750.333333,0,0.008695652,0,0,Mar,2,2,1,1,Returning_Visitor,FALSE,FALSE
1,41,0,0,43,1087.25,0,0.013636364,0,0,Mar,4,2,1,1,Returning_Visitor,FALSE,FALSE
0,0,0,0,22,762.547619,0,0.017391304,0,0,Mar,2,2,1,3,Returning_Visitor,TRUE,FALSE
0,0,0,0,9,244.5,0,0.011111111,0,0,Mar,3,2,1,3,Returning_Visitor,FALSE,FALSE
0,0,0,0,10,1010,0.022222222,0.044444444,0,0,Mar,2,2,1,1,Returning_Visitor,FALSE,FALSE
0,0,0,0,2,32,0,0.1,0,0,Mar,2,4,3,3,Returning_Visitor,FALSE,FALSE
7,170,0,0,27,1342.666667,0.003333333,0.023333333,29.35629782,0,Mar,2,2,1,3,Returning_Visitor,FALSE,TRUE
2,9,1,201,33,1593.388889,0.011428571,0.031515152,0,0,Mar,2,2,1,1,Returning_Visitor,TRUE,FALSE
0,0,0,0,9,639,0,0.025,81.2475,0,Mar,1,1,2,9,Returning_Visitor,TRUE,TRUE
0,0,0,0,4,521,0.1,0.15,0,0,Mar,3,3,7,10,Returning_Visitor,FALSE,FALSE
1,87,3,40,17,546,0,0.004761905,0,0,Mar,3,6,1,1,Returning_Visitor,TRUE,FALSE
0,0,0,0,8,377.5,0.0125,0.025,0,0,Mar,3,2,4,11,Returning_Visitor,TRUE,FALSE
0,0,0,0,14,183.6666667,0,0.004761905,0,0,Mar,3,2,3,3,Returning_Visitor,FALSE,FALSE
0,0,0,0,5,84,0.04,0.06,0,0,Mar,2,2,2,1,Returning_Visitor,FALSE,FALSE
5,217.6666667,0,0,18,494.6666667,0,0.019931973,33.14514286,0,Mar,3,2,1,2,Returning_Visitor,FALSE,TRUE
8,699.1666667,0,0,62,1003.965152,0.009850746,0.039110006,0,0,Mar,2,4,3,1,Returning_Visitor,FALSE,FALSE
1,9,0,0,32,536.6833333,0,0.00058651,0,0,Mar,2,2,1,3,Returning_Visitor,FALSE,FALSE
8,227.5326923,3,292.6842105,66,3025.521713,0.015995116,0.025541275,7.371682608,0,Mar,3,2,3,6,Returning_Visitor,FALSE,TRUE
2,78,0,0,24,424,0,0.001190476,0,0,Mar,1,1,3,10,New_Visitor,FALSE,FALSE
0,0,0,0,5,171.5,0,0.02,0,0,Mar,1,1,1,2,Returning_Visitor,FALSE,FALSE
1,4.75,2,78,67,1231.136508,0.002985075,0.0110199,0,0,Mar,2,6,1,1,Returning_Visitor,FALSE,FALSE
6,101.3333333,0,0,10,266.5,0.028571429,0.028571429,0,0,Mar,2,2,4,1,Returning_Visitor,FALSE,FALSE
0,0,0,0,16,1533,0,0.00625,0,0,Mar,2,2,7,1,Returning_Visitor,FALSE,FALSE
1,7,2,562,36,1300.190476,0.010810811,0.038738739,0,0,Mar,2,2,1,1,Returning_Visitor,TRUE,FALSE
0,0,0,0,2,74,0.1,0.15,0,0,Mar,3,2,1,3,Returning_Visitor,FALSE,FALSE
3,14.5,2,907.8333333,28,804.2833333,0.014141414,0.044155844,7.945805543,0,Mar,2,5,9,2,Returning_Visitor,FALSE,FALSE
1,9,0,0,19,734.5833333,0.016666667,0.044444444,0,0,Mar,2,10,1,1,Returning_Visitor,FALSE,FALSE
2,60,0,0,44,3113.516667,0.001481481,0.016,0,0,Mar,2,2,3,2,Returning_Visitor,FALSE,FALSE
0,0,0,0,3,64,0,0.066666667,0,0,Mar,3,2,1,1,Returning_Visitor,TRUE,FALSE
1,3,0,0,7,114.8333333,0.014285714,0.007142857,0,0,Mar,3,2,1,10,Returning_Visitor,FALSE,FALSE
0,0,0,0,6,95.5,0,0.033333333,0,0,Mar,2,2,7,13,Returning_Visitor,TRUE,FALSE
0,0,0,0,7,93.66666667,0.028571429,0.04,0,0,Mar,1,1,1,3,Returning_Visitor,FALSE,FALSE
1,54,0,0,3,59,0,0.05,0,0,Mar,2,2,9,8,Returning_Visitor,FALSE,FALSE
0,0,0,0,3,26,0,0.05,0,0,Mar,3,2,1,1,Returning_Visitor,FALSE,FALSE
0,0,0,0,62,1136.60303,0,0.003517665,0,0,Mar,1,1,1,3,Returning_Visitor,TRUE,FALSE
6,190.2857143,6,609,47,2989.494048,0,0.004813218,30.897985,0,Mar,2,2,1,8,New_Visitor,TRUE,TRUE
2,15.66666667,0,0,30,1724.25,0.013793103,0.032413793,0,0,Mar,2,2,3,1,Returning_Visitor,TRUE,FALSE
8,183,4,571.5,14,333.6,0,0.01,15.43344,0,Mar,1,1,1,2,Returning_Visitor,TRUE,TRUE
1,14,0,0,21,334.7857143,0,0.023333333,0,0,Mar,2,2,1,1,Returning_Visitor,FALSE,FALSE
0,0,0,0,9,355.1666667,0,0.004166667,18.02533,0,Mar,2,4,1,2,Returning_Visitor,FALSE,TRUE
5,248.5,0,0,11,456.6666667,0,0.003571429,0,0,Mar,3,2,4,2,New_Visitor,FALSE,FALSE
0,0,0,0,15,1298.5,0.026666667,0.04,0,0,Mar,3,2,8,1,Returning_Visitor,FALSE,FALSE
1,25,0,0,28,2258.833333,0.007142857,0.046428571,0,0,Mar,2,2,3,3,Returning_Visitor,TRUE,FALSE
2,21,0,0,65,2881.133333,0,0.002985075,80.68062856,0,Mar,2,2,4,2,New_Visitor,FALSE,TRUE
0,0,0,0,10,206.5,0,0.02,0,0,Mar,2,2,1,1,Returning_Visitor,FALSE,FALSE
0,0,0,0,8,143,0,0.0125,0,0,Mar,2,2,1,1,Returning_Visitor,FALSE,FALSE
1,146,0,0,11,267.8333333,0.018181818,0.036363636,0,0,Mar,1,1,4,2,Returning_Visitor,TRUE,FALSE
0,0,1,57,5,454,0,0.05,0,0,Mar,2,2,3,6,Returning_Visitor,FALSE,FALSE
5,274.3333333,0,0,13,717.6,0,0.001960784,0,0,Mar,1,1,3,10,New_Visitor,FALSE,FALSE
14,1155.666667,0,0,20,1069.16829,0,0.013,0,0,Mar,2,5,1,3,Returning_Visitor,TRUE,FALSE
0,0,0,0,27,807.8333333,0.022222222,0.041975309,0,0,Mar,2,2,3,1,Returning_Visitor,FALSE,FALSE
0,0,0,0,15,477,0,0.02,0,0,Mar,2,2,2,1,Returning_Visitor,FALSE,FALSE
6,355.5,0,0,11,134.9,0.013333333,0.005333333,0,0,Mar,3,2,1,8,New_Visitor,TRUE,FALSE
3,35,0,0,16,314,0,0.052631579,0,0,Mar,2,5,7,2,Returning_Visitor,FALSE,FALSE
0,0,0,0,5,59,0.08,0.12,0,0,Mar,2,2,7,1,Returning_Visitor,FALSE,FALSE
6,99,1,1,23,637,0,0.002469136,0,0,Mar,2,5,9,8,New_Visitor,FALSE,FALSE
0,0,6,270.3333333,11,160.5,0,0.004761905,0,0,Mar,2,4,1,8,New_Visitor,FALSE,FALSE
0,0,0,0,8,1577,0,0.025,0,0,Mar,1,1,1,2,Returning_Visitor,FALSE,FALSE
2,21,0,0,11,660.1666667,0,0.016666667,0,0,Mar,2,2,1,3,Returning_Visitor,FALSE,FALSE
0,0,0,0,7,169,0,0.057142857,0,0,Mar,2,2,3,3,Returning_Visitor,TRUE,FALSE
0,0,0,0,6,89.33333333,0,0.066666667,0,0,Mar,2,4,3,3,Returning_Visitor,FALSE,FALSE
4,74,0,0,37,2517.048459,0.005128205,0.019615385,0,0,Mar,3,2,2,1,Returning_Visitor,TRUE,FALSE
0,0,1,0,1,44,0,0.1,0,0,Mar,2,2,6,2,Returning_Visitor,TRUE,FALSE
0,0,0,0,5,29,0,0.04,0,0,Mar,2,2,7,2,Returning_Visitor,FALSE,FALSE
0,0,0,0,2,86,0,0.1,0,0,Mar,2,4,3,1,Returning_Visitor,TRUE,FALSE
2,66,0,0,18,229.75,0.021052632,0.031578947,0,0,Mar,4,2,1,3,Returning_Visitor,FALSE,FALSE
0,0,0,0,4,17,0,0.075,0,0,Mar,2,2,1,1,Returning_Visitor,FALSE,FALSE
1,24,0,0,17,498.3333333,0,0.021052632,76.78667659,0,Mar,2,2,6,10,Returning_Visitor,FALSE,TRUE
0,0,0,0,1,0,0.2,0.2,0,0,Mar,2,2,2,1,Returning_Visitor,FALSE,FALSE
5,32,2,3,33,1039.766667,0,0.02027027,0,0,Mar,2,4,3,2,Returning_Visitor,TRUE,FALSE
3,78,0,0,11,369.1666667,0,0.023076923,0,0,Mar,3,2,3,1,Returning_Visitor,TRUE,FALSE
0,0,0,0,23,1669,0,0.017391304,0,0,Mar,2,4,7,2,Returning_Visitor,FALSE,FALSE
0,0,0,0,3,44.5,0,0.066666667,0,0,Mar,1,1,3,1,Returning_Visitor,FALSE,FALSE
0,0,0,0,6,140,0,0.033333333,0,0,Mar,3,2,1,1,Returning_Visitor,FALSE,FALSE
1,102.5,0,0,5,97,0,0.011111111,0,0,Mar,3,2,1,9,New_Visitor,TRUE,FALSE
4,103,0,0,13,250.1666667,0,0.030612245,0,0,Mar,3,2,1,11,Returning_Visitor,FALSE,FALSE
2,52,0,0,17,221.2,0,0.001754386,0,0,Mar,2,2,4,2,New_Visitor,FALSE,FALSE
0,0,0,0,12,127,0.016666667,0.041666667,0,0,Mar,2,2,9,1,Returning_Visitor,FALSE,FALSE
4,352,0,0,17,229.3333333,0.011111111,0.031481481,0,0,Mar,1,1,1,1,Returning_Visitor,FALSE,FALSE
0,0,0,0,7,370.8333333,0.028571429,0.057142857,0,0,Mar,2,2,2,3,Returning_Visitor,FALSE,FALSE
5,120,1,0,27,1583.596154,0,0.028282828,39.63270309,0,Mar,2,2,4,2,Returning_Visitor,FALSE,FALSE
9,162.05,0,0,27,399.6939394,0,0.009195402,0,0,Mar,1,1,7,2,New_Visitor,FALSE,FALSE
1,26,1,55,12,457,0.014285714,0.04047619,0,0,Mar,2,2,9,6,Returning_Visitor,TRUE,FALSE
0,0,0,0,3,24,0.066666667,0.133333333,0,0,Mar,3,2,3,1,Returning_Visitor,TRUE,FALSE
0,0,0,0,5,180.3333333,0.02,0.02,0,0,Mar,1,1,1,3,Returning_Visitor,TRUE,FALSE
0,0,0,0,15,581.4166667,0,0.007142857,0,0,Mar,2,5,1,2,Returning_Visitor,FALSE,FALSE
0,0,0,0,13,574.6666667,0,0.061538462,0,0,Mar,2,2,8,1,Returning_Visitor,FALSE,FALSE
0,0,0,0,5,56,0,0.08,0,0,Mar,2,2,1,1,Returning_Visitor,FALSE,FALSE
0,0,0,0,16,1011,0,0.025,0,0,Mar,2,2,1,1,Returning_Visitor,FALSE,FALSE
0,0,0,0,15,139.8333333,0.026666667,0.053333333,0,0,Mar,2,2,6,1,Returning_Visitor,FALSE,FALSE
1,6,0,0,16,608.8333333,0.011764706,0.026666667,52.70052142,0,Mar,3,2,1,11,Returning_Visitor,FALSE,TRUE
0,0,0,0,6,1251,0.033333333,0.066666667,0,0,Mar,3,2,1,1,Returning_Visitor,FALSE,FALSE
0,0,0,0,14,264.5,0,0.007142857,0,0,Mar,2,2,1,10,Returning_Visitor,FALSE,FALSE
6,45.83333333,2,284,54,1509.8,0,0.006779661,7.272067797,0,Mar,2,2,7,2,New_Visitor,FALSE,FALSE
0,0,0,0,22,356.8,0,0.016666667,0,0,Mar,2,2,2,8,Returning_Visitor,FALSE,FALSE
2,77.5,0,0,19,598.7833333,0,0.002631579,0,0,Mar,3,2,2,9,New_Visitor,TRUE,FALSE
0,0,0,0,4,298,0.1,0.15,0,0,Mar,2,2,1,13,Returning_Visitor,FALSE,FALSE
4,136,0,0,31,1141.833333,0,0.006060606,10.63449802,0,Mar,1,1,1,1,Returning_Visitor,FALSE,TRUE
0,0,0,0,6,93,0,0.033333333,0,0,Mar,1,2,8,2,Returning_Visitor,FALSE,FALSE
2,76,0,0,40,1209.802992,0.004878049,0.01624838,0,0,Mar,1,1,2,2,Returning_Visitor,FALSE,FALSE
0,0,0,0,1,0,0.2,0.2,0,0,Mar,3,2,2,10,Returning_Visitor,FALSE,FALSE
0,0,0,0,2,67,0,0.1,0,0,Mar,1,1,4,1,Returning_Visitor,FALSE,FALSE
3,275,1,29.5,30,1107.047619,0,0.017760943,35.98106601,0,Mar,3,2,3,1,Returning_Visitor,TRUE,TRUE
7,161,3,775.5,19,4996.666667,0.008,0.026,14.10053333,0,Mar,2,4,8,2,Returning_Visitor,FALSE,TRUE
3,206.6666667,0,0,15,936.1666667,0.01875,0.09375,0,0,Mar,2,4,3,1,Returning_Visitor,FALSE,FALSE
0,0,0,0,16,666.1,0,0.014285714,0,0,Mar,2,2,1,2,New_Visitor,FALSE,FALSE
2,28,0,0,6,170.8333333,0,0.007142857,0,0,Mar,3,2,7,1,Returning_Visitor,FALSE,FALSE
0,0,0,0,37,1118.647186,0,0.008148148,0,0,Mar,1,1,1,2,Returning_Visitor,TRUE,FALSE
0,0,0,0,2,86,0,0.05,0,0,Mar,1,1,1,9,Returning_Visitor,TRUE,FALSE
2,24,0,0,28,1206.614719,0,0.023222222,5.417644444,0,Mar,2,2,1,2,Returning_Visitor,FALSE,TRUE
5,238.375,0,0,24,2174.375,0.008928571,0.017460317,27.07791667,0,Mar,3,2,3,1,Returning_Visitor,FALSE,FALSE
0,0,0,0,2,30.5,0,0.05,0,0,Mar,3,2,4,10,Returning_Visitor,FALSE,FALSE
0,0,0,0,6,330,0.066666667,0.1,0,0,Mar,3,2,8,10,Returning_Visitor,FALSE,FALSE
0,0,0,0,13,437.25,0.069230769,0.102564103,0,0,Mar,1,1,3,3,Returning_Visitor,FALSE,FALSE
1,4,2,11,110,3211.827706,0.003571429,0.012916667,0,0,Mar,2,2,1,2,Returning_Visitor,FALSE,FALSE
0,0,0,0,59,3036.4,0,0.021186441,0,0,Mar,2,2,6,13,Returning_Visitor,TRUE,FALSE
0,0,0,0,9,640.6666667,0,0.011111111,0,0,Mar,3,2,7,1,Returning_Visitor,TRUE,FALSE
0,0,0,0,30,480.25,0.007777778,0.025,0,0,Mar,2,2,7,1,Returning_Visitor,FALSE,FALSE
7,213.3916667,0,0,32,1350.391667,0,0.017877551,0,0,Mar,2,2,1,8,Returning_Visitor,TRUE,FALSE
0,0,0,0,7,38,0,0.042857143,0,0,Mar,2,2,3,1,Returning_Visitor,FALSE,FALSE
0,0,0,0,12,976.2,0.016666667,0.041666667,0,0,Mar,2,2,7,1,Returning_Visitor,FALSE,FALSE
0,0,0,0,8,70.2,0.025,0.061111111,0,0,Mar,1,2,8,1,Returning_Visitor,FALSE,FALSE
7,156,0,0,60,2126.461941,0.00808768,0.017066636,0,0,Mar,3,2,4,2,Returning_Visitor,FALSE,FALSE
0,0,0,0,44,1112,0,0.006818182,0,0,Mar,4,1,4,3,Returning_Visitor,TRUE,FALSE
5,84.25,0,0,19,409.75,0,0.01038961,0,0,Mar,3,2,2,3,New_Visitor,FALSE,FALSE
0,0,0,0,2,171,0,0.1,0,0,Mar,3,2,2,2,Returning_Visitor,TRUE,FALSE
4,135,0,0,12,401.2857143,0,0.016,0,0,Mar,2,2,1,8,New_Visitor,FALSE,FALSE
0,0,0,0,10,423.8333333,0,0.01,0,0,Mar,2,2,5,2,Returning_Visitor,FALSE,FALSE
0,0,0,0,2,115,0,0.05,0,0,Mar,3,3,1,9,Returning_Visitor,TRUE,FALSE
3,43,0,0,10,427.1666667,0,0.015384615,0,0,Mar,3,2,9,3,Returning_Visitor,FALSE,FALSE
0,0,0,0,39,609.5,0,0.005128205,0,0,Mar,2,2,2,2,Returning_Visitor,TRUE,FALSE
0,0,0,0,12,547.3333333,0,0.033333333,0,0,Mar,2,2,1,3,Returning_Visitor,FALSE,FALSE
8,377.5128205,3,265,60,2062.890972,0.014009662,0.026580162,1.70506715,0,Mar,1,1,4,2,Returning_Visitor,FALSE,TRUE
6,137,0,0,49,1077.007576,0,0.015030864,0,0,Mar,3,2,1,2,Returning_Visitor,FALSE,FALSE
0,0,0,0,2,19,0,0.1,0,0,Mar,2,2,1,3,Returning_Visitor,FALSE,FALSE
0,0,0,0,20,1606.333333,0.01,0.034761905,0,0,Mar,2,2,2,1,Returning_Visitor,FALSE,FALSE
2,37,0,0,21,775.3333333,0,0.009090909,0,0,Mar,4,1,1,2,Returning_Visitor,TRUE,FALSE
0,0,0,0,13,973.5,0,0.046153846,0,0,Mar,2,2,1,1,Returning_Visitor,TRUE,FALSE
0,0,0,0,4,32,0,0.075,0,0,Mar,3,2,6,1,Returning_Visitor,FALSE,FALSE
0,0,0,0,24,727.5,0,0.016666667,0,0,Mar,2,2,3,1,Returning_Visitor,FALSE,FALSE
1,14,1,0,14,710.25,0,0.017777778,0,0,Mar,2,2,1,1,Returning_Visitor,FALSE,FALSE
0,0,0,0,48,3644.752381,0,0.016666667,18.20995652,0,Mar,2,2,7,2,Returning_Visitor,FALSE,FALSE
0,0,1,44,41,1089.75,0,0.005853659,0,0,Mar,2,2,3,2,New_Visitor,FALSE,FALSE
0,0,0,0,14,494,0,0.042857143,0,0,Mar,4,1,1,3,Returning_Visitor,FALSE,FALSE
6,155,0,0,84,2566.220887,0,0.007575758,16.56314545,0,Mar,2,2,7,2,Returning_Visitor,FALSE,FALSE
3,42.6,2,41.5,18,1049.516667,0.023809524,0.03968254,14.25648352,0,Mar,3,2,2,3,Returning_Visitor,TRUE,TRUE
0,0,0,0,1,0,0.2,0.2,0,0,Mar,3,2,1,1,Returning_Visitor,FALSE,FALSE
3,62,2,193,4,139,0,0.0125,0,0,Mar,3,2,1,10,Returning_Visitor,FALSE,FALSE
4,55.75,0,0,19,685.95,0,0.017724868,7.141428571,0,Mar,3,2,7,2,Returning_Visitor,TRUE,TRUE
0,0,0,0,8,758.1666667,0.025,0.05,0,0,Mar,1,1,1,1,Returning_Visitor,FALSE,FALSE
2,26,0,0,46,1852.75,0,0.005797101,0,0,Mar,2,2,2,3,Returning_Visitor,FALSE,FALSE
3,79,0,0,36,2517,0,0.005405405,27.23866195,0,Mar,2,10,2,2,Returning_Visitor,TRUE,TRUE
0,0,0,0,19,751.3333333,0,0.002777778,13.62630613,0,Mar,2,2,1,2,Returning_Visitor,TRUE,TRUE
8,429.3333333,1,56,35,1549.857143,0.005263158,0.019210526,0,0,Mar,2,2,1,2,Returning_Visitor,TRUE,FALSE
6,111,0,0,12,202.25,0.025,0.029166667,0,0,Mar,3,2,1,1,Returning_Visitor,TRUE,FALSE
0,0,0,0,29,669.9679487,0.013793103,0.017241379,0,0,Mar,1,2,6,2,Returning_Visitor,FALSE,FALSE
0,0,0,0,7,95,0.014285714,0.061904762,0,0,Mar,2,6,1,1,Returning_Visitor,FALSE,FALSE
1,40,5,279.5,62,1088.830952,0.000980392,0.007230392,11.48461765,0,Mar,3,2,1,9,Returning_Visitor,TRUE,TRUE
3,73,0,0,9,2151,0,0.018181818,10.91300022,0,Mar,2,5,1,1,Returning_Visitor,FALSE,TRUE
0,0,0,0,12,130.5,0,0.008333333,0,0,Mar,2,2,1,10,Returning_Visitor,FALSE,FALSE
4,40,2,146,56,2866.90202,0,0.010451977,85.7528587,0,Mar,2,2,2,2,Returning_Visitor,TRUE,FALSE
2,11,0,0,19,608.9428571,0.009090909,0.041915584,0,0,Mar,2,2,1,1,Returning_Visitor,FALSE,FALSE
0,0,0,0,7,360.75,0,0.033333333,0,0,Mar,1,1,1,2,New_Visitor,TRUE,FALSE
0,0,0,0,2,7,0,0.1,0,0,Mar,2,5,6,1,Returning_Visitor,FALSE,FALSE
6,55,1,7,132,4056.175369,0.005882353,0.019282953,0,0,Mar,2,2,8,2,Returning_Visitor,FALSE,FALSE
0,0,0,0,4,46,0,0.05,0,0,Mar,2,2,1,3,Returning_Visitor,FALSE,FALSE
0,0,0,0,1,0,0.2,0.2,0,0,Mar,2,2,2,10,Returning_Visitor,FALSE,FALSE
8,167,3,869,34,771.5916667,0.009090909,0.030876623,0,0,Mar,2,4,1,1,Returning_Visitor,FALSE,FALSE
0,0,0,0,5,112,0,0.02,0,0,Mar,3,2,1,2,Returning_Visitor,TRUE,FALSE
6,139,0,0,29,491.1,0,0.003333333,0,0,Mar,2,2,1,2,New_Visitor,TRUE,FALSE
0,0,0,0,2,14,0,0.1,0,0,Mar,2,2,6,3,Returning_Visitor,FALSE,FALSE
2,22,1,49,22,602.1666667,0,0.008695652,0,0,Mar,2,2,1,2,New_Visitor,TRUE,FALSE
2,134,0,0,7,77.33333333,0,0.022222222,0,0,Mar,1,1,2,2,Returning_Visitor,FALSE,FALSE
3,39,0,0,2,4,0,0.04,0,0,Mar,2,5,1,1,Returning_Visitor,FALSE,FALSE
0,0,2,90,9,103.6666667,0.018181818,0.061818182,0,0,Mar,3,2,1,1,Returning_Visitor,FALSE,FALSE
0,0,0,0,1,0,0.2,0.2,0,0,Mar,1,1,8,1,Returning_Visitor,FALSE,FALSE
2,110,0,0,4,125,0,0.016666667,0,0,Mar,3,2,2,1,Returning_Visitor,FALSE,FALSE
0,0,0,0,24,387.8846154,0.025,0.038095238,0,0,Mar,2,2,3,3,Returning_Visitor,FALSE,FALSE
2,43,0,0,3,23,0,0.04,0,0,Mar,2,4,9,2,Returning_Visitor,FALSE,FALSE
0,0,0,0,3,249,0,0.066666667,0,0,Mar,2,4,9,3,Returning_Visitor,FALSE,FALSE
4,485.3333333,2,18,19,345.3833333,0,0.005797101,0,0,Mar,3,2,3,8,New_Visitor,TRUE,FALSE
1,100,2,111,13,1001,0,0.013333333,0,0,Mar,2,2,1,1,Returning_Visitor,FALSE,FALSE
0,0,0,0,8,70.66666667,0.025,0.05,0,0,Mar,2,2,9,10,Returning_Visitor,FALSE,FALSE
4,70.5,0,0,20,1298,0,0.018666667,40.76128,0,Mar,2,2,3,2,New_Visitor,FALSE,FALSE
0,0,0,0,4,75.5,0,0.05,0,0,Mar,2,2,1,1,Returning_Visitor,TRUE,FALSE
0,0,0,0,2,57,0,0.1,0,0,Mar,3,2,1,1,Returning_Visitor,TRUE,FALSE
2,10,2,451.5,27,1686.966667,0.006451613,0.023502304,7.964649501,0,Mar,2,6,7,2,Returning_Visitor,FALSE,FALSE
3,160.5,0,0,10,370.5,0,0.016666667,0,0,Mar,1,1,7,10,Returning_Visitor,FALSE,FALSE
0,0,0,0,4,738,0.1,0.15,0,0,Mar,2,5,4,2,Returning_Visitor,TRUE,FALSE
0,0,0,0,13,89,0.046153846,0.1,0,0,Mar,2,2,2,1,Returning_Visitor,FALSE,FALSE
0,0,0,0,5,164.3333333,0.06,0.06,0,0,Mar,3,2,2,1,Returning_Visitor,FALSE,FALSE
0,0,1,0,24,2244.666667,0.008,0.028,0,0,Mar,2,2,1,1,Returning_Visitor,FALSE,FALSE
0,0,0,0,2,5,0,0.1,0,0,Mar,2,2,9,1,Returning_Visitor,FALSE,FALSE
5,1283,3,148.5,50,3246.977381,0,0.003846154,0,0,Mar,2,2,3,2,New_Visitor,FALSE,FALSE
7,63.5,5,100.25,62,1573.233333,0,0.004594595,0,0,Mar,2,2,6,3,Returning_Visitor,TRUE,FALSE
2,24.6,0,0,26,779.5051587,0.011111111,0.034403292,12.55220741,0,Mar,1,1,3,1,Returning_Visitor,TRUE,TRUE
3,22.83333333,0,0,115,2625.009524,0,0.004013317,0,0,Mar,2,5,6,1,Returning_Visitor,FALSE,FALSE
12,187.2777778,3,88.58333333,43,3266.127778,0.004242424,0.043712341,3.332333333,0,Mar,1,1,1,10,Returning_Visitor,FALSE,FALSE
2,98.25,0,0,10,303.25,0,0.011111111,0,0,Mar,3,2,2,2,New_Visitor,TRUE,FALSE
0,0,0,0,17,806.6666667,0,0.027058824,0,0,Mar,2,2,2,3,Returning_Visitor,FALSE,FALSE
3,23,0,0,30,465.4166667,0,0.009375,50.66498303,0,Mar,4,1,4,3,Returning_Visitor,FALSE,FALSE
0,0,0,0,7,1018,0,0.028571429,0,0,Mar,2,2,1,2,Returning_Visitor,FALSE,FALSE
0,0,0,0,7,261.5,0,0.00952381,0,0,Mar,2,2,4,1,Returning_Visitor,FALSE,FALSE
0,0,0,0,4,910,0,0.025,0,0,Mar,2,5,1,10,Returning_Visitor,FALSE,FALSE
2,89,3,119,41,4270.141667,0.004444444,0.027160494,0,0,Mar,2,2,4,1,Returning_Visitor,FALSE,FALSE
1,45,0,0,10,413,0,0.009090909,0,0,Mar,2,4,1,1,Returning_Visitor,TRUE,FALSE
3,31.6,0,0,17,372.8,0.013333333,0.026428571,2.3976,0,Mar,3,2,7,1,Returning_Visitor,FALSE,FALSE
0,0,0,0,18,550.5,0,0.031481481,0,0,Mar,1,1,1,2,Returning_Visitor,TRUE,FALSE
3,648,4,168.8333333,31,1300.728987,0.000555556,0.021511104,6.938235354,0,Mar,2,2,1,2,Returning_Visitor,FALSE,FALSE
0,0,0,0,4,44,0.05,0.1,0,0,Mar,2,2,9,10,Returning_Visitor,FALSE,FALSE
0,0,0,0,1,0,0.2,0.2,0,0,Mar,2,2,1,3,Returning_Visitor,FALSE,FALSE
3,18.75,0,0,7,68.75,0,0.025,0,0,Mar,2,2,5,2,New_Visitor,FALSE,FALSE
0,0,0,0,37,684.7272727,0.005405405,0.023423423,0,0,Mar,2,4,3,1,Returning_Visitor,FALSE,FALSE
2,28,2,175.5,27,1253.333333,0.006666667,0.014666667,39.7173,0,Mar,2,2,1,2,Returning_Visitor,FALSE,TRUE
0,0,0,0,4,331,0.05,0.1,0,0,Mar,2,2,1,1,Returning_Visitor,FALSE,FALSE
0,0,0,0,30,1791.7,0.013333333,0.031111111,0,0,Mar,2,4,1,3,Returning_Visitor,FALSE,FALSE
4,197,1,25,46,1596.672282,0,0.008,19.92584938,0,Mar,4,2,2,2,New_Visitor,TRUE,FALSE
7,211.5,0,0,54,9128.283883,0.011461988,0.039251601,0,0,Mar,2,2,6,1,Returning_Visitor,FALSE,FALSE
0,0,0,0,7,128,0,0.016666667,0,0,Mar,2,2,1,1,Returning_Visitor,FALSE,FALSE
0,0,0,0,13,313,0,0.015384615,0,0,Mar,1,1,1,3,Returning_Visitor,FALSE,FALSE
5,494.1666667,0,0,8,204,0,0.030769231,0,0,Mar,2,4,4,1,Returning_Visitor,FALSE,FALSE
0,0,0,0,2,49,0,0.1,0,0,Mar,2,2,1,3,Returning_Visitor,TRUE,FALSE
10,511.5,4,164,73,2490.138095,0,0.010365854,30.09281343,0,Mar,2,2,7,2,Returning_Visitor,FALSE,FALSE
3,58.06666667,0,0,5,86,0,0.0125,0,0,Mar,3,2,2,3,New_Visitor,FALSE,FALSE
0,0,0,0,9,140,0.022222222,0.055555556,0,0,Mar,2,2,6,1,Returning_Visitor,FALSE,FALSE
2,125.5,0,0,6,162.75,0,0.025,0,0,Mar,1,1,1,2,Returning_Visitor,FALSE,FALSE
8,387.6,3,32,328,9694.260714,0.001780415,0.010905045,6.467831696,0,Mar,2,2,3,1,Returning_Visitor,FALSE,FALSE
5,143.8333333,1,55,19,1762.5,0,0.013461538,31.54642738,0,Mar,3,2,1,2,Returning_Visitor,FALSE,TRUE
1,6,0,0,61,2183.5,0,0.003225806,0,0,Mar,2,2,7,9,Returning_Visitor,TRUE,FALSE
1,11.5,0,0,10,234.475,0,0.011111111,0,0,Mar,1,1,1,2,Returning_Visitor,TRUE,FALSE
0,0,0,0,10,139.7083333,0,0.02,0,0,Mar,2,2,1,2,Returning_Visitor,FALSE,FALSE
5,141,0,0,33,1371.633333,0,0.005555556,44.71103438,0,Mar,2,4,3,8,New_Visitor,TRUE,TRUE
2,135,1,2,11,711.5666667,0,0.00515873,0,0,Mar,3,2,1,2,Returning_Visitor,FALSE,FALSE
0,0,0,0,7,232.6666667,0,0.014285714,0,0,Mar,2,2,6,2,Returning_Visitor,FALSE,FALSE
0,0,0,0,3,51.5,0,0.066666667,0,0,Mar,3,2,1,10,Returning_Visitor,TRUE,FALSE
4,48,0,0,2,11,0,0.008,0,0,Mar,2,6,6,7,New_Visitor,FALSE,FALSE
8,57.0625,3,172,23,176.8193627,0.019444444,0.065189145,0,0,Mar,2,2,1,1,Returning_Visitor,FALSE,FALSE
0,0,0,0,1,0,0.2,0.2,0,0,Mar,1,1,1,9,Returning_Visitor,TRUE,FALSE
2,6,1,35,12,240,0.014285714,0.042857143,0,0,Mar,2,2,7,10,Returning_Visitor,FALSE,FALSE
0,0,0,0,9,415.8333333,0,0.0125,0,0,Mar,3,2,9,2,New_Visitor,FALSE,FALSE
2,7,0,0,3,66,0,0.066666667,0,0,Mar,2,2,1,2,Returning_Visitor,FALSE,FALSE
4,63,0,0,5,95.5,0,0.025,0,0,Mar,3,2,1,9,New_Visitor,TRUE,FALSE
0,0,0,0,11,200.85,0.036363636,0.047107438,0,0,Mar,1,1,2,1,Returning_Visitor,FALSE,FALSE
1,40,0,0,15,839.5,0.01875,0.054166667,0,0,Mar,2,2,4,1,Returning_Visitor,FALSE,FALSE
5,28,0,0,6,80,0,0.028571429,0,0,Mar,2,4,3,1,Returning_Visitor,FALSE,FALSE
1,12.83333333,3,77,31,2372.333333,0,0.012941176,10.32166068,0,Mar,2,2,1,2,Returning_Visitor,FALSE,FALSE
0,0,1,65.5,49,574.8333333,0,0.012,0,0,Mar,2,2,2,10,Returning_Visitor,FALSE,FALSE
4,179.6071429,2,5.5,34,1045.102381,0,0.007603276,0,0,Mar,1,1,1,3,Returning_Visitor,FALSE,FALSE
0,0,0,0,7,971,0.028571429,0.071428571,0,0,Mar,2,2,2,1,Returning_Visitor,FALSE,FALSE
6,135.65,0,0,40,1589.27381,0,0.020767196,0,0,Mar,4,1,3,1,Returning_Visitor,TRUE,FALSE
0,0,0,0,10,1656.666667,0.06,0.1,0,0,Mar,4,2,1,3,Returning_Visitor,FALSE,FALSE
4,62.5,1,64,56,1246.919048,0.003333333,0.005367521,0,0,Mar,3,2,1,3,Returning_Visitor,FALSE,FALSE
1,30,0,0,16,597.6,0,0.0125,0,0,Mar,1,1,3,2,Returning_Visitor,FALSE,FALSE
0,0,0,0,31,3888.166667,0.02,0.031111111,0,0,Mar,2,4,3,1,Returning_Visitor,FALSE,FALSE
2,21,0,0,34,2600.258333,0.011111111,0.037464387,9.938399233,0,Mar,1,1,1,3,Returning_Visitor,FALSE,FALSE
0,0,0,0,9,223,0,0.022222222,0,0,Mar,3,2,5,2,Returning_Visitor,FALSE,FALSE
4,56,0,0,10,709,0,0.016666667,0,0,Mar,2,2,1,2,New_Visitor,FALSE,FALSE
0,0,0,0,5,82,0.1,0.146666667,0,0,Mar,1,1,3,1,Returning_Visitor,FALSE,FALSE
0,0,0,0,23,760.25,0,0.009090909,0,0,Mar,2,2,7,2,New_Visitor,FALSE,FALSE
3,40,0,0,9,1362,0,0.008333333,0,0,Mar,2,2,7,6,Returning_Visitor,FALSE,FALSE
0,0,0,0,1,0,0.2,0.2,0,0,Mar,2,2,5,3,Returning_Visitor,TRUE,FALSE
3,36,1,62,19,924.3333333,0,0.004761905,0,0,Mar,2,2,1,2,New_Visitor,FALSE,FALSE
4,45.33333333,0,0,53,1440.298918,0.012727273,0.021974359,1.660118182,0,Mar,3,2,7,3,Returning_Visitor,TRUE,TRUE
3,39.6,0,0,53,856.7522398,0,0.002272727,0,0,Mar,2,2,1,2,Returning_Visitor,TRUE,FALSE
0,0,0,0,2,8,0,0.1,0,0,Mar,2,4,2,1,Returning_Visitor,FALSE,FALSE
2,35,0,0,2,6,0,0.05,0,0,Mar,2,2,9,2,New_Visitor,FALSE,FALSE
6,228,5,89.33333333,18,513.4666667,0,0.003461538,0,0,Mar,1,1,3,3,New_Visitor,FALSE,FALSE
0,0,0,0,2,0,0.2,0.2,0,0,Mar,3,2,6,1,Returning_Visitor,FALSE,FALSE
0,0,0,0,15,748.5666667,0.016,0.041333333,0,0,Mar,2,2,1,2,Returning_Visitor,FALSE,FALSE
1,34,2,9,3,149,0,0.05,0,0,Mar,2,2,1,1,Returning_Visitor,FALSE,FALSE
0,0,0,0,2,288,0,0.1,0,0,Mar,1,1,1,1,Returning_Visitor,TRUE,FALSE
9,309,0,0,25,383.0833333,0.018181818,0.037575758,0,0,Mar,2,2,3,1,Returning_Visitor,FALSE,FALSE
13,456.9880952,3,72.83333333,39,976.7103175,0.004166667,0.009722222,39.65538156,0,Mar,1,1,1,1,Returning_Visitor,TRUE,TRUE
0,0,0,0,32,1916.633333,0.015625,0.0265625,0,0,Mar,2,2,1,10,Returning_Visitor,FALSE,FALSE
5,78.5,1,26,48,1266.119048,0,0.005788982,29.01038502,0,Mar,2,2,1,8,New_Visitor,FALSE,FALSE
1,75,4,250.6666667,44,1679.833333,0,0.001086957,45.8293144,0,Mar,2,2,1,2,New_Visitor,TRUE,TRUE
4,99.5,0,0,16,315.1666667,0,0.016666667,12.53314286,0,Mar,1,1,6,3,Returning_Visitor,FALSE,TRUE
1,28,0,0,8,290,0,0.01,0,0,Mar,2,2,1,2,Returning_Visitor,FALSE,FALSE
0,0,0,0,6,463.5,0,0.033333333,0,0,Mar,2,5,1,3,Returning_Visitor,FALSE,FALSE
0,0,0,0,4,1833,0,0.05,0,0,Mar,2,5,2,10,Returning_Visitor,TRUE,FALSE
0,0,0,0,9,196,0,0.022222222,0,0,Mar,2,2,3,10,Returning_Visitor,FALSE,FALSE
0,0,0,0,2,0,0.2,0.2,0,0,Mar,2,2,1,13,Returning_Visitor,FALSE,FALSE
4,64,0,0,53,1200.892857,0.001818182,0.018030303,0,0,Mar,2,2,4,1,Returning_Visitor,TRUE,FALSE
2,37,0,0,7,139.3333333,0,0.011111111,0,0,Mar,3,2,7,8,New_Visitor,TRUE,FALSE
6,163.6666667,10,403,15,665.5666667,0.007142857,0.004761905,0,0,Mar,3,2,8,8,New_Visitor,FALSE,FALSE
5,333,2,166,12,151.9,0.031111111,0.064444444,0,0,Mar,2,2,1,1,Returning_Visitor,FALSE,FALSE
0,0,0,0,5,1620,0.14,0.166666667,0,0,Mar,2,2,1,1,Returning_Visitor,FALSE,FALSE
0,0,0,0,24,1268,0.0125,0.015277778,0,0,Mar,4,1,3,2,Returning_Visitor,TRUE,FALSE
1,51,2,117.2857143,15,969.102381,0.005882353,0.008888889,0,0,Mar,3,3,1,2,Returning_Visitor,FALSE,FALSE
1,44,0,0,25,773.4666667,0,0.029142857,10.3572,0,Mar,2,2,1,2,Returning_Visitor,TRUE,TRUE
5,825,0,0,33,808.1666667,0,0.005405405,20.85956757,0,Mar,2,4,9,10,New_Visitor,FALSE,TRUE
3,44,0,0,14,469.8761905,0,0.005357143,0,0,Mar,2,4,1,10,Returning_Visitor,FALSE,FALSE
4,203.8333333,0,0,30,823.5,0,0.001666667,0,0,Mar,3,2,1,11,New_Visitor,FALSE,FALSE
0,0,0,0,8,201,0,0.0625,0,0,Mar,2,4,2,1,Returning_Visitor,FALSE,FALSE
8,195.3166667,0,0,54,1063.95,0,0.019047619,54.24886418,0,Mar,2,2,1,2,Returning_Visitor,FALSE,FALSE
0,0,0,0,13,412,0,0.028205128,0,0,Mar,2,2,4,3,Returning_Visitor,FALSE,FALSE
0,0,0,0,1,0,0.2,0.2,0,0,Mar,3,2,1,1,Returning_Visitor,FALSE,FALSE
0,0,0,0,14,1789.39881,0,0.029047619,0,0,Mar,1,1,2,2,Returning_Visitor,FALSE,FALSE
0,0,0,0,18,644.125,0.00625,0.021924603,0,0,Mar,3,2,3,10,Returning_Visitor,FALSE,FALSE
2,9.5,0,0,18,529.702381,0,0.005263158,0,0,Mar,2,2,4,2,Returning_Visitor,TRUE,FALSE
0,0,0,0,10,254,0.02,0.04,14.0292,0,Mar,2,2,9,2,New_Visitor,FALSE,TRUE
0,0,0,0,7,221.7142857,0.028571429,0.060714286,0,0,Mar,3,3,1,3,Returning_Visitor,FALSE,FALSE
0,0,0,0,1,0,0.2,0.2,0,0,Mar,2,5,1,3,Returning_Visitor,FALSE,FALSE
0,0,0,0,30,312.3333333,0,0.008888889,0,0,Mar,2,6,1,2,Returning_Visitor,FALSE,FALSE
0,0,0,0,1,0,0.2,0.2,0,0,Mar,2,2,1,1,Returning_Visitor,FALSE,FALSE
0,0,0,0,22,325.75,0,0.031818182,0,0,Mar,2,10,7,2,Returning_Visitor,FALSE,FALSE
9,74.33333333,1,419,63,2717.327381,0.002857143,0.012857143,0,0,Mar,2,2,3,2,Returning_Visitor,TRUE,FALSE
1,7,1,0,79,3380.691558,0.002666667,0.023772222,0,0,Mar,2,2,3,2,Returning_Visitor,TRUE,FALSE
1,13,0,0,19,614.9444444,0,0.022105263,0,0,Mar,3,2,3,3,Returning_Visitor,FALSE,FALSE
1,0,0,0,1,19,0,0.1,0,0,Mar,1,1,3,1,Returning_Visitor,FALSE,FALSE
4,55.5,0,0,33,1274.190476,0.005714286,0.009285714,0,0,Mar,2,2,6,2,Returning_Visitor,TRUE,FALSE
2,80.66666667,0,0,12,1071.611111,0.030769231,0.046666667,0,0,Mar,2,2,2,1,Returning_Visitor,FALSE,FALSE
0,0,0,0,10,408,0,0.022222222,88.78460596,0,Mar,2,2,1,2,Returning_Visitor,FALSE,TRUE
7,156.7166667,0,0,52,2335.064286,0.007142857,0.010563841,0,0,Mar,3,2,1,2,Returning_Visitor,FALSE,FALSE
0,0,0,0,2,18,0.1,0.15,0,0,Mar,2,5,3,10,Returning_Visitor,FALSE,FALSE
3,172,0,0,53,1299.383333,0,0.003703704,0,0,Mar,2,6,7,2,Returning_Visitor,TRUE,FALSE
0,0,0,0,6,83,0.016666667,0.033333333,0,0,Mar,3,2,8,8,Returning_Visitor,FALSE,FALSE
5,146,0,0,8,489,0,0.015384615,0,0,Mar,2,2,8,3,Returning_Visitor,FALSE,FALSE
3,13,0,0,16,226.5,0,0.013333333,0,0,Mar,2,5,1,2,Returning_Visitor,FALSE,FALSE
0,0,0,0,8,233.6666667,0.025,0.0875,0,0,Mar,2,2,3,13,Returning_Visitor,FALSE,FALSE
0,0,0,0,1,0,0.2,0.2,0,0,Mar,2,2,1,1,Returning_Visitor,FALSE,FALSE
0,0,0,0,1,0,0.2,0.2,0,0,Mar,3,3,3,3,Returning_Visitor,FALSE,FALSE
1,11,0,0,5,71,0,0.033333333,0,0,Mar,2,2,6,3,Returning_Visitor,FALSE,FALSE
3,42,0,0,16,1266.5,0,0.003508772,0,0,Mar,2,2,6,1,Returning_Visitor,FALSE,FALSE
3,33,0,0,8,182.5833333,0,0.03125,0,0,Mar,2,4,6,3,Returning_Visitor,FALSE,FALSE
0,0,0,0,12,169.3,0,0.016666667,0,0,Mar,2,2,3,2,Returning_Visitor,TRUE,FALSE
0,0,1,0,37,1358.75,0.001754386,0.03245614,0,0,Mar,2,5,3,1,Returning_Visitor,FALSE,FALSE
1,38,0,0,5,131,0.033333333,0.013333333,0,0,Mar,1,2,1,9,New_Visitor,TRUE,FALSE
9,324.3,4,205,71,2816.43881,0,0.002666667,0,0,Mar,2,2,1,8,New_Visitor,TRUE,FALSE
5,413.5,0,0,25,3484.233333,0,0.02,0,0,Mar,2,4,1,3,Returning_Visitor,TRUE,FALSE
0,0,2,156,6,131,0,0.025,0,0,Mar,2,2,3,2,Returning_Visitor,FALSE,FALSE
5,55.5,0,0,12,1076.5,0,0.011764706,0,0,Mar,2,2,1,2,New_Visitor,FALSE,FALSE
0,0,0,0,8,357.25,0,0.0625,0,0,Mar,2,10,4,3,Returning_Visitor,TRUE,FALSE
0,0,0,0,6,197,0,0.011111111,0,0,Mar,2,2,1,2,Returning_Visitor,FALSE,FALSE
7,75.05,0,0,31,489.1452381,0.011111111,0.022222222,27.38224222,0,Mar,2,2,5,2,Returning_Visitor,TRUE,TRUE
3,43,0,0,11,610,0,0.015384615,0,0,Mar,2,4,1,1,Returning_Visitor,FALSE,FALSE
0,0,0,0,17,445,0.047058824,0.062745098,0,0,Mar,2,2,6,1,Returning_Visitor,FALSE,FALSE
0,0,0,0,17,588.6666667,0.011764706,0.035294118,0,0,Mar,2,4,4,1,Returning_Visitor,FALSE,FALSE
0,0,0,0,24,580.2,0,0.012121212,17.12545455,0,Mar,2,2,1,1,Returning_Visitor,FALSE,TRUE
0,0,0,0,32,999,0,0.01344086,9.053081561,0,Mar,1,1,1,1,Returning_Visitor,FALSE,TRUE
0,0,0,0,16,622,0,0.0125,0,0,Mar,2,10,2,6,Returning_Visitor,FALSE,FALSE
2,77,0,0,6,112,0,0.028571429,0,0,Mar,1,1,2,2,Returning_Visitor,TRUE,FALSE
1,29,1,13.5,24,1005.849206,0,0.007986111,0,0,Mar,1,1,3,3,Returning_Visitor,FALSE,FALSE
3,78,0,0,3,29,0.033333333,0.066666667,0,0,Mar,2,2,7,2,New_Visitor,TRUE,FALSE
3,52,0,0,60,3451.751515,0.006666667,0.011565934,0,0,Mar,3,2,3,1,Returning_Visitor,TRUE,FALSE
0,0,0,0,5,96.5,0,0.04,0,0,Mar,2,2,1,3,Returning_Visitor,FALSE,FALSE
8,354.8333333,1,57,19,2217.333333,0.008333333,0.017361111,0,0,Mar,3,2,1,1,Returning_Visitor,FALSE,FALSE
0,0,0,0,4,50,0,0.05,0,0,Mar,2,2,3,1,Returning_Visitor,FALSE,FALSE
0,0,1,0,16,485.6666667,0,0.0375,0,0,Mar,2,2,6,3,Returning_Visitor,TRUE,FALSE
0,0,0,0,9,388,0.066666667,0.088888889,0,0,Mar,3,2,2,1,Returning_Visitor,FALSE,FALSE
7,169.5,0,0,21,484.95,0.008695652,0.037681159,0,0,Mar,1,2,2,2,Returning_Visitor,FALSE,FALSE
0,0,0,0,3,55,0,0.066666667,0,0,Mar,2,2,1,10,Returning_Visitor,FALSE,FALSE
0,0,0,0,7,111.6666667,0,0.014285714,0,0,Mar,2,4,1,2,Returning_Visitor,TRUE,FALSE
6,104,1,0,14,269.5,0,0.021568627,0,0,Mar,1,1,1,3,Returning_Visitor,FALSE,FALSE
2,4,0,0,10,284,0,0.016666667,33.32834503,0,Mar,2,5,1,8,New_Visitor,FALSE,TRUE
9,81,0,0,34,1219.113725,0.007017544,0.022556391,9.517421053,0,Mar,3,2,3,1,Returning_Visitor,FALSE,TRUE
1,0,0,0,21,574.722619,0,0.018888889,6.284044913,0,Mar,2,2,1,2,Returning_Visitor,FALSE,TRUE
0,0,1,0,46,4053.092208,0.014184397,0.029684228,0,0,Mar,1,1,1,2,Returning_Visitor,FALSE,FALSE
0,0,0,0,18,1485.416667,0,0.027777778,0,0,Mar,2,4,1,1,Returning_Visitor,FALSE,FALSE
12,765.6666667,0,0,7,634.1666667,0.015384615,0.015384615,0,0,Mar,1,2,3,2,Returning_Visitor,FALSE,FALSE
13,214.8823529,0,0,41,1182.106162,0,0.018485839,4.465398354,0,Mar,2,4,3,2,Returning_Visitor,FALSE,FALSE
1,143,4,48,16,333.75,0,0.003333333,0,0,Mar,1,1,1,2,New_Visitor,FALSE,FALSE
0,0,0,0,2,4,0,0.1,0,0,Mar,2,2,4,1,Returning_Visitor,FALSE,FALSE
2,15.5,0,0,28,550.0666667,0,0.006666667,0,0,Mar,2,2,1,2,New_Visitor,FALSE,FALSE
0,0,0,0,1,0,0.2,0.2,0,0,Mar,1,1,3,9,Returning_Visitor,TRUE,FALSE
2,42,0,0,29,218,0,0.003225806,0,0,Mar,2,2,1,2,Returning_Visitor,FALSE,FALSE
0,0,0,0,93,2243.666667,0.010989011,0.031501832,0,0,Mar,2,4,8,1,Returning_Visitor,FALSE,FALSE
1,702,0,0,38,2193.150794,0.012280702,0.015614035,9.09277193,0,Mar,1,1,2,2,Returning_Visitor,FALSE,TRUE
4,22.5,0,0,15,289.85,0,0.022222222,57.96417654,0,Mar,2,2,2,3,New_Visitor,TRUE,TRUE
1,14,0,0,13,909.5,0,0.014285714,0,0,Mar,1,1,1,10,Returning_Visitor,FALSE,FALSE